date,Commodity,Min_Price,Max_Price,Modal_Price,District,Market,Variety,Grade
16-Jun-13,Tomato,2600,3200,2900,,,,
17-Jun-13,Tomato,2000,2500,2250,,,,
18-Jun-13,Tomato,2200,2600,2400,,,,
19-Jun-13,Tomato,2400,2800,2600,,,,
20-Jun-13,Tomato,2200,2600,2400,,,,
21-Jun-13,Tomato,1500,2000,1750,,,,
22-Jun-13,Tomato,2500,3000,2750,,,,
23-Jun-13,Tomato,2000,2500,2250,,,,
24-Jun-13,Tomato,1800,2400,2100,,,,
25-Jun-13,Tomato,2400,2800,2600,,,,
26-Jun-13,Tomato,1800,2200,2000,,,,
27-Jun-13,Tomato,1500,2000,1750,,,,
28-Jun-13,Tomato,1500,2000,1750,,,,
29-Jun-13,Tomato,1400,1800,1600,,,,
30-Jun-13,Tomato,1400,1800,1600,,,,
01-Jul-13,Tomato,1800,2400,2100,,,,
02-Jul-13,Tomato,2000,2500,2250,,,,
03-Jul-13,Tomato,3000,3500,3250,,,,
04-Jul-13,Tomato,3200,3800,3500,,,,
05-Jul-13,Tomato,4400,4800,4600,,,,
06-Jul-13,Tomato,5000,5500,5250,,,,
07-Jul-13,Tomato,5000,5500,5250,,,,
08-Jul-13,Tomato,4800,5200,5000,,,,
09-Jul-13,Tomato,4600,5200,4900,,,,
10-Jul-13,Tomato,4000,4500,4250,,,,
11-Jul-13,Tomato,3600,4000,3800,,,,
12-Jul-13,Tomato,2800,3200,3000,,,,
13-Jul-13,Tomato,2800,3200,3000,,,,
14-Jul-13,Tomato,3000,3500,3250,,,,
15-Jul-13,Tomato,3200,3600,3400,,,,
16-Jul-13,Tomato,4000,4500,4250,,,,
17-Jul-13,Tomato,4000,4500,4250,,,,
18-Jul-13,Tomato,4000,4500,4250,,,,
19-Jul-13,Tomato,4200,4600,4400,,,,
20-Jul-13,Tomato,3800,4200,4000,,,,
21-Jul-13,Tomato,3500,4000,3750,,,,
22-Jul-13,Tomato,3400,3800,3600,,,,
23-Jul-13,Tomato,2500,3500,3000,,,,
24-Jul-13,Tomato,2500,3000,2750,,,,
25-Jul-13,Tomato,2500,3000,2750,,,,
26-Jul-13,Tomato,2800,3400,3100,,,,
27-Jul-13,Tomato,2500,3000,2750,,,,
28-Jul-13,Tomato,2000,2500,2250,,,,
29-Jul-13,Tomato,2400,2800,2600,,,,
30-Jul-13,Tomato,2500,3000,2750,,,,
31-Jul-13,Tomato,2500,3000,2750,,,,
01-Aug-13,Tomato,2500,3200,2850,,,,
02-Aug-13,Tomato,3500,4000,3750,,,,
03-Aug-13,Tomato,3000,3500,3250,,,,
04-Aug-13,Tomato,3500,4000,3750,,,,
05-Aug-13,Tomato,3800,4200,4000,,,,
06-Aug-13,Tomato,4000,4400,4200,,,,
07-Aug-13,Tomato,3000,3500,3250,,,,
08-Aug-13,Tomato,2800,3200,3000,,,,
09-Aug-13,Tomato,2800,3200,3000,,,,
10-Aug-13,Tomato,3400,3800,3600,,,,
11-Aug-13,Tomato,3000,3500,3250,,,,
12-Aug-13,Tomato,3000,3500,3250,,,,
13-Aug-13,Tomato,3500,4000,3750,,,,
14-Aug-13,Tomato,4000,4500,4250,,,,
15-Aug-13,Tomato,4000,4500,4250,,,,
16-Aug-13,Tomato,4500,5000,4750,,,,
17-Aug-13,Tomato,5000,5500,5250,,,,
18-Aug-13,Tomato,5000,5600,5300,,,,
19-Aug-13,Tomato,5500,6000,5750,,,,
20-Aug-13,Tomato,4400,5000,4700,,,,
21-Aug-13,Tomato,3800,4200,4000,,,,
22-Aug-13,Tomato,3600,4200,3900,,,,
23-Aug-13,Tomato,3500,4000,3750,,,,
24-Aug-13,Tomato,3500,4000,3750,,,,
25-Aug-13,Tomato,3200,3800,3500,,,,
26-Aug-13,Tomato,3500,4000,3750,,,,
27-Aug-13,Tomato,3500,4000,3750,,,,
28-Aug-13,Tomato,3500,4000,3750,,,,
29-Aug-13,Tomato,3000,3500,3250,,,,
30-Aug-13,Tomato,3000,3500,3250,,,,
31-Aug-13,Tomato,3000,3500,3250,,,,
01-Sep-13,Tomato,3000,3100,3050,,,,
02-Sep-13,Tomato,3000,3500,3250,,,,
03-Sep-13,Tomato,3500,4000,3750,,,,
04-Sep-13,Tomato,3500,4000,3750,,,,
05-Sep-13,Tomato,3800,4200,4000,,,,
06-Sep-13,Tomato,3800,4200,4000,,,,
07-Sep-13,Tomato,4000,4500,4250,,,,
08-Sep-13,Tomato,4000,4500,4250,,,,
09-Sep-13,Tomato,4000,4500,4250,,,,
10-Sep-13,Tomato,6500,7500,7000,,,,
11-Sep-13,Tomato,6000,7000,6500,,,,
12-Sep-13,Tomato,5500,6000,5750,,,,
13-Sep-13,Tomato,7500,8000,7750,,,,
14-Sep-13,Tomato,7500,8000,7750,,,,
15-Sep-13,Tomato,7500,8000,7750,,,,
16-Sep-13,Tomato,6000,7000,6500,,,,
17-Sep-13,Tomato,6500,7500,7000,,,,
18-Sep-13,Tomato,6500,7500,7000,,,,
19-Sep-13,Tomato,6500,7000,6750,,,,
20-Sep-13,Tomato,5500,6500,6000,,,,
21-Sep-13,Tomato,4000,5000,4500,,,,
22-Sep-13,Tomato,3000,3500,3250,,,,
23-Sep-13,Tomato,3500,4000,3750,,,,
24-Sep-13,Tomato,3000,3500,3250,,,,
25-Sep-13,Tomato,3000,3500,3250,,,,
26-Sep-13,Tomato,3500,4000,3750,,,,
27-Sep-13,Tomato,3500,4500,4000,,,,
28-Sep-13,Tomato,4500,5000,4750,,,,
29-Sep-13,Tomato,4500,5000,4750,,,,
30-Sep-13,Tomato,4500,5500,5000,,,,
01-Oct-13,Tomato,4500,5000,4750,,,,
02-Oct-13,Tomato,4500,5000,4750,,,,
03-Oct-13,Tomato,4000,5000,4500,,,,
04-Oct-13,Tomato,5000,5500,5250,,,,
05-Oct-13,Tomato,5500,6400,5950,,,,
06-Oct-13,Tomato,6000,7000,6500,,,,
07-Oct-13,Tomato,7000,8000,7500,,,,
08-Oct-13,Tomato,5000,6000,5500,,,,
09-Oct-13,Tomato,5000,6000,5500,,,,
10-Oct-13,Tomato,7000,8000,7500,,,,
11-Oct-13,Tomato,6500,7500,7000,,,,
12-Oct-13,Tomato,5600,6500,6050,,,,
13-Oct-13,Tomato,5400,6000,5700,,,,
14-Oct-13,Tomato,6000,7000,6500,,,,
15-Oct-13,Tomato,7000,7500,7250,,,,
16-Oct-13,Tomato,6000,7000,6500,,,,
17-Oct-13,Tomato,6000,7000,6500,,,,
18-Oct-13,Tomato,5500,6500,6000,,,,
19-Oct-13,Tomato,5500,6000,5750,,,,
20-Oct-13,Tomato,5000,6000,5500,,,,
21-Oct-13,Tomato,5800,6200,6000,,,,
22-Oct-13,Tomato,6000,7000,6500,,,,
23-Oct-13,Tomato,6000,7000,6500,,,,
24-Oct-13,Tomato,5500,6000,5750,,,,
25-Oct-13,Tomato,4500,5500,5000,,,,
26-Oct-13,Tomato,4500,5000,4750,,,,
27-Oct-13,Tomato,4500,5000,4750,,,,
28-Oct-13,Tomato,4000,5000,4500,,,,
29-Oct-13,Tomato,4000,4500,4250,,,,
30-Oct-13,Tomato,2500,3000,2750,,,,
31-Oct-13,Tomato,2500,3000,2750,,,,
01-Nov-13,Tomato,2500,3000,2750,,,,
02-Nov-13,Tomato,2500,3000,2750,,,,
03-Nov-13,Tomato,3000,3500,3250,,,,
04-Nov-13,Tomato,2800,3200,3000,,,,
05-Nov-13,Tomato,2500,3000,2750,,,,
06-Nov-13,Tomato,2500,3000,2750,,,,
07-Nov-13,Tomato,2200,2800,2500,,,,
08-Nov-13,Tomato,2400,2800,2600,,,,
09-Nov-13,Tomato,2200,2800,2500,,,,
10-Nov-13,Tomato,2200,2800,2500,,,,
11-Nov-13,Tomato,2200,2600,2400,,,,
12-Nov-13,Tomato,2200,2800,2500,,,,
13-Nov-13,Tomato,2500,3000,2750,,,,
14-Nov-13,Tomato,2600,3200,2900,,,,
15-Nov-13,Tomato,3200,3800,3500,,,,
16-Nov-13,Tomato,3200,3800,3500,,,,
17-Nov-13,Tomato,3200,3600,3400,,,,
18-Nov-13,Tomato,3000,3500,3250,,,,
19-Nov-13,Tomato,3000,3500,3250,,,,
20-Nov-13,Tomato,3000,3500,3250,,,,
21-Nov-13,Tomato,3000,3500,3250,,,,
22-Nov-13,Tomato,3000,3500,3250,,,,
23-Nov-13,Tomato,3000,3500,3250,,,,
24-Nov-13,Tomato,2600,3200,2900,,,,
25-Nov-13,Tomato,3000,3500,3250,,,,
26-Nov-13,Tomato,3000,3500,3250,,,,
27-Nov-13,Tomato,3000,3500,3250,,,,
28-Nov-13,Tomato,3000,3500,3250,,,,
29-Nov-13,Tomato,3000,3500,3250,,,,
30-Nov-13,Tomato,3000,3500,3250,,,,
01-Dec-13,Tomato,3200,3600,3400,,,,
02-Dec-13,Tomato,2800,3400,3100,,,,
03-Dec-13,Tomato,2400,2800,2600,,,,
04-Dec-13,Tomato,2000,2500,2250,,,,
05-Dec-13,Tomato,1800,2500,2150,,,,
06-Dec-13,Tomato,1500,2000,1750,,,,
07-Dec-13,Tomato,1600,2200,1900,,,,
08-Dec-13,Tomato,1800,2500,2150,,,,
09-Dec-13,Tomato,1800,2000,1900,,,,
10-Dec-13,Tomato,1800,2200,2000,,,,
11-Dec-13,Tomato,1800,2400,2100,,,,
12-Dec-13,Tomato,2000,2500,2250,,,,
13-Dec-13,Tomato,2000,2500,2250,,,,
14-Dec-13,Tomato,3000,3500,3250,,,,
15-Dec-13,Tomato,3000,3500,3250,,,,
16-Dec-13,Tomato,3000,3500,3250,,,,
17-Dec-13,Tomato,2800,3400,3100,,,,
18-Dec-13,Tomato,3000,3500,3250,,,,
19-Dec-13,Tomato,3200,3600,3400,,,,
20-Dec-13,Tomato,3000,3500,3250,,,,
21-Dec-13,Tomato,2500,3000,2750,,,,
22-Dec-13,Tomato,2500,3000,2750,,,,
23-Dec-13,Tomato,2500,3000,2750,,,,
24-Dec-13,Tomato,2400,2800,2600,,,,
25-Dec-13,Tomato,2500,3000,2750,,,,
26-Dec-13,Tomato,2500,3200,2850,,,,
27-Dec-13,Tomato,2800,3200,3000,,,,
28-Dec-13,Tomato,3000,3500,3250,,,,
29-Dec-13,Tomato,3400,3800,3600,,,,
30-Dec-13,Tomato,2800,3500,3150,,,,
31-Dec-13,Tomato,2500,3000,2750,,,,
01-Jan-14,Tomato,3200,3600,3400,,,,
02-Jan-14,Tomato,3000,3500,3250,,,,
03-Jan-14,Tomato,2800,3400,3100,,,,
04-Jan-14,Tomato,3200,3800,3500,,,,
05-Jan-14,Tomato,5000,6000,5500,,,,
06-Jan-14,Tomato,4500,5200,4850,,,,
07-Jan-14,Tomato,4500,5000,4750,,,,
08-Jan-14,Tomato,4500,5000,4750,,,,
09-Jan-14,Tomato,4500,5000,4750,,,,
10-Jan-14,Tomato,4000,4500,4250,,,,
11-Jan-14,Tomato,4500,5000,4750,,,,
12-Jan-14,Tomato,4500,5000,4750,,,,
13-Jan-14,Tomato,5200,5800,5500,,,,
14-Jan-14,Tomato,5200,5800,5500,,,,
15-Jan-14,Tomato,5000,5500,5250,,,,
16-Jan-14,Tomato,3000,3600,3300,,,,
17-Jan-14,Tomato,3500,4000,3750,,,,
18-Jan-14,Tomato,4000,4500,4250,,,,
19-Jan-14,Tomato,3500,4000,3750,,,,
20-Jan-14,Tomato,2500,3000,2750,,,,
21-Jan-14,Tomato,3000,3500,3250,,,,
22-Jan-14,Tomato,3500,4000,3750,,,,
23-Jan-14,Tomato,4200,4800,4500,,,,
24-Jan-14,Tomato,4000,4500,4250,,,,
25-Jan-14,Tomato,4000,4500,4250,,,,
26-Jan-14,Tomato,3500,4500,4000,,,,
27-Jan-14,Tomato,3400,4000,3700,,,,
28-Jan-14,Tomato,3600,4500,4050,,,,
29-Jan-14,Tomato,3800,4500,4150,,,,
30-Jan-14,Tomato,3800,4500,4150,,,,
31-Jan-14,Tomato,4000,4600,4300,,,,
01-Feb-14,Tomato,4000,4500,4250,,,,
02-Feb-14,Tomato,3800,4200,4000,,,,
03-Feb-14,Tomato,3000,4000,3500,,,,
04-Feb-14,Tomato,4000,4500,4250,,,,
05-Feb-14,Tomato,4500,5000,4750,,,,
06-Feb-14,Tomato,4000,4500,4250,,,,
07-Feb-14,Tomato,3800,4200,4000,,,,
08-Feb-14,Tomato,3500,4000,3750,,,,
09-Feb-14,Tomato,3400,3600,3500,,,,
10-Feb-14,Tomato,3500,4000,3750,,,,
11-Feb-14,Tomato,3000,3500,3250,,,,
12-Feb-14,Tomato,3500,4000,3750,,,,
13-Feb-14,Tomato,3200,3600,3400,,,,
14-Feb-14,Tomato,3000,3500,3250,,,,
15-Feb-14,Tomato,3200,3600,3400,,,,
16-Feb-14,Tomato,3200,3600,3400,,,,
17-Feb-14,Tomato,2800,3200,3000,,,,
18-Feb-14,Tomato,3000,3500,3250,,,,
19-Feb-14,Tomato,2800,3200,3000,,,,
20-Feb-14,Tomato,2500,3000,2750,,,,
21-Feb-14,Tomato,1800,2400,2100,,,,
22-Feb-14,Tomato,1500,2000,1750,,,,
23-Feb-14,Tomato,1200,1500,1350,,,,
24-Feb-14,Tomato,1400,1800,1600,,,,
25-Feb-14,Tomato,1500,2000,1750,,,,
26-Feb-14,Tomato,1500,2000,1750,,,,
27-Feb-14,Tomato,2400,2800,2600,,,,
28-Feb-14,Tomato,2400,2800,2600,,,,
01-Mar-14,Tomato,2000,2500,2250,,,,
02-Mar-14,Tomato,3000,3500,3250,,,,
03-Mar-14,Tomato,2500,3000,2750,,,,
04-Mar-14,Tomato,2200,2600,2400,,,,
05-Mar-14,Tomato,2000,2500,2250,,,,
06-Mar-14,Tomato,1500,2000,1750,,,,
07-Mar-14,Tomato,1400,1800,1600,,,,
08-Mar-14,Tomato,1500,2000,1750,,,,
09-Mar-14,Tomato,1600,2200,1900,,,,
10-Mar-14,Tomato,2000,2500,2250,,,,
11-Mar-14,Tomato,2000,2500,2250,,,,
12-Mar-14,Tomato,2400,2800,2600,,,,
13-Mar-14,Tomato,2000,2500,2250,,,,
14-Mar-14,Tomato,2500,3000,2750,,,,
15-Mar-14,Tomato,2800,3200,3000,,,,
16-Mar-14,Tomato,3000,3500,3250,,,,
17-Mar-14,Tomato,3500,4000,3750,,,,
18-Mar-14,Tomato,4400,4800,4600,,,,
19-Mar-14,Tomato,4000,4500,4250,,,,
20-Mar-14,Tomato,4000,4500,4250,,,,
21-Mar-14,Tomato,3500,4000,3750,,,,
22-Mar-14,Tomato,3000,3600,3300,,,,
23-Mar-14,Tomato,2600,3200,2900,,,,
24-Mar-14,Tomato,2400,3000,2700,,,,
25-Mar-14,Tomato,2500,3000,2750,,,,
26-Mar-14,Tomato,2200,2600,2400,,,,
27-Mar-14,Tomato,1800,2200,2000,,,,
28-Mar-14,Tomato,1800,2200,2000,,,,
29-Mar-14,Tomato,1500,2000,1750,,,,
30-Mar-14,Tomato,1400,1800,1600,,,,
31-Mar-14,Tomato,1400,2000,1700,,,,
01-Apr-14,Tomato,1800,2000,1900,,,,
02-Apr-14,Tomato,1400,1800,1600,,,,
03-Apr-14,Tomato,1800,2200,2000,,,,
04-Apr-14,Tomato,1800,2400,2100,,,,
05-Apr-14,Tomato,2200,2800,2500,,,,
06-Apr-14,Tomato,2000,2500,2250,,,,
07-Apr-14,Tomato,1600,2000,1800,,,,
08-Apr-14,Tomato,1600,2000,1800,,,,
09-Apr-14,Tomato,1400,1800,1600,,,,
10-Apr-14,Tomato,1500,2000,1750,,,,
11-Apr-14,Tomato,1400,1800,1600,,,,
12-Apr-14,Tomato,1400,1800,1600,,,,
13-Apr-14,Tomato,1400,1600,1500,,,,
14-Apr-14,Tomato,1400,1800,1600,,,,
15-Apr-14,Tomato,1200,1600,1400,,,,
16-Apr-14,Tomato,1200,1600,1400,,,,
17-Apr-14,Tomato,1200,1600,1400,,,,
18-Apr-14,Tomato,1200,1600,1400,,,,
19-Apr-14,Tomato,1000,1400,1200,,,,
20-Apr-14,Tomato,1200,1800,1500,,,,
21-Apr-14,Tomato,1000,1500,1250,,,,
22-Apr-14,Tomato,1000,1500,1250,,,,
23-Apr-14,Tomato,1000,1500,1250,,,,
24-Apr-14,Tomato,1200,1500,1350,,,,
25-Apr-14,Tomato,1500,2000,1750,,,,
26-Apr-14,Tomato,1500,2000,1750,,,,
27-Apr-14,Tomato,1800,2000,1900,,,,
28-Apr-14,Tomato,1500,2000,1750,,,,
29-Apr-14,Tomato,1500,2000,1750,,,,
30-Apr-14,Tomato,1500,2000,1750,,,,
01-May-14,Tomato,2500,2800,2650,,,,
02-May-14,Tomato,2800,3000,2900,,,,
03-May-14,Tomato,3500,4000,3750,,,,
04-May-14,Tomato,3500,4000,3750,,,,
05-May-14,Tomato,3400,3800,3600,,,,
06-May-14,Tomato,3200,3600,3400,,,,
07-May-14,Tomato,3000,3500,3250,,,,
08-May-14,Tomato,3400,3600,3500,,,,
09-May-14,Tomato,3200,3600,3400,,,,
10-May-14,Tomato,3200,3600,3400,,,,
11-May-14,Tomato,3000,3400,3200,,,,
12-May-14,Tomato,2800,3400,3100,,,,
13-May-14,Tomato,2800,3200,3000,,,,
14-May-14,Tomato,2800,3200,3000,,,,
15-May-14,Tomato,3000,3400,3200,,,,
16-May-14,Tomato,2400,2800,2600,,,,
17-May-14,Tomato,2400,2800,2600,,,,
18-May-14,Tomato,2200,2600,2400,,,,
19-May-14,Tomato,2600,3000,2800,,,,
20-May-14,Tomato,2400,2800,2600,,,,
21-May-14,Tomato,2500,2800,2650,,,,
22-May-14,Tomato,2500,2800,2650,,,,
23-May-14,Tomato,2800,3200,3000,,,,
24-May-14,Tomato,3200,3600,3400,,,,
25-May-14,Tomato,3000,3400,3200,,,,
26-May-14,Tomato,3400,3800,3600,,,,
27-May-14,Tomato,3500,4000,3750,,,,
28-May-14,Tomato,4200,4600,4400,,,,
29-May-14,Tomato,5000,5500,5250,,,,
30-May-14,Tomato,5000,5500,5250,,,,
31-May-14,Tomato,4400,4800,4600,,,,
01-Jun-14,Tomato,5000,5500,5250,,,,
02-Jun-14,Tomato,5200,5600,5400,,,,
03-Jun-14,Tomato,6000,6500,6250,,,,
04-Jun-14,Tomato,5800,6400,6100,,,,
05-Jun-14,Tomato,5200,5600,5400,,,,
06-Jun-14,Tomato,5400,5800,5600,,,,
07-Jun-14,Tomato,4000,5500,4750,,,,
08-Jun-14,Tomato,3800,4400,4100,,,,
09-Jun-14,Tomato,3800,4200,4000,,,,
10-Jun-14,Tomato,3600,4200,3900,,,,
11-Jun-14,Tomato,3500,4000,3750,,,,
12-Jun-14,Tomato,2800,3500,3150,,,,
13-Jun-14,Tomato,2800,3400,3100,,,,
14-Jun-14,Tomato,2200,3000,2600,,,,
15-Jun-14,Tomato,2500,3000,2750,,,,
16-Jun-14,Tomato,2200,2800,2500,,,,
17-Jun-14,Tomato,2200,2600,2400,,,,
18-Jun-14,Tomato,2500,3000,2750,,,,
19-Jun-14,Tomato,2800,3200,3000,,,,
20-Jun-14,Tomato,2500,2800,2650,,,,
21-Jun-14,Tomato,3000,3500,3250,,,,
22-Jun-14,Tomato,4600,5200,4900,,,,
23-Jun-14,Tomato,4600,5200,4900,,,,
24-Jun-14,Tomato,4500,5000,4750,,,,
25-Jun-14,Tomato,4600,5200,4900,,,,
26-Jun-14,Tomato,5000,6000,5500,,,,
27-Jun-14,Tomato,5500,6500,6000,,,,
28-Jun-14,Tomato,6000,7500,6750,,,,
29-Jun-14,Tomato,5500,6000,5750,,,,
30-Jun-14,Tomato,5000,5500,5250,,,,
01-Jul-14,Tomato,5000,6000,5500,,,,
02-Jul-14,Tomato,4200,4800,4500,,,,
03-Jul-14,Tomato,4400,4900,4650,,,,
04-Jul-14,Tomato,5000,5500,5250,,,,
05-Jul-14,Tomato,5500,6500,6000,,,,
06-Jul-14,Tomato,3000,3500,3250,,,,
07-Jul-14,Tomato,2800,3500,3150,,,,
08-Jul-14,Tomato,3000,3600,3300,,,,
09-Jul-14,Tomato,3200,3600,3400,,,,
10-Jul-14,Tomato,3500,4000,3750,,,,
11-Jul-14,Tomato,4800,5500,5150,,,,
12-Jul-14,Tomato,6000,6500,6250,,,,
13-Jul-14,Tomato,5500,6500,6000,,,,
14-Jul-14,Tomato,5500,6500,6000,,,,
15-Jul-14,Tomato,4500,5000,4750,,,,
16-Jul-14,Tomato,4500,5000,4750,,,,
17-Jul-14,Tomato,5000,5500,5250,,,,
18-Jul-14,Tomato,5500,6000,5750,,,,
19-Jul-14,Tomato,5000,5800,5400,,,,
20-Jul-14,Tomato,4200,5800,5000,,,,
21-Jul-14,Tomato,3600,5800,4700,,,,
22-Jul-14,Tomato,2500,3000,2750,,,,
23-Jul-14,Tomato,3000,3500,3250,,,,
24-Jul-14,Tomato,3500,4000,3750,,,,
25-Jul-14,Tomato,2500,3000,2750,,,,
26-Jul-14,Tomato,2400,2800,2600,,,,
27-Jul-14,Tomato,2800,3400,3100,,,,
28-Jul-14,Tomato,2800,3200,3000,,,,
29-Jul-14,Tomato,2600,3000,2800,,,,
30-Jul-14,Tomato,2800,3200,3000,,,,
31-Jul-14,Tomato,3000,3600,3300,,,,
01-Aug-14,Tomato,3000,3500,3250,,,,
02-Aug-14,Tomato,2800,3400,3100,,,,
03-Aug-14,Tomato,3000,3500,3250,,,,
04-Aug-14,Tomato,3000,3500,3250,,,,
05-Aug-14,Tomato,2800,3400,3100,,,,
06-Aug-14,Tomato,2200,2800,2500,,,,
07-Aug-14,Tomato,2400,2800,2600,,,,
08-Aug-14,Tomato,1800,2400,2100,,,,
09-Aug-14,Tomato,1800,2200,2000,,,,
10-Aug-14,Tomato,1800,2200,2000,,,,
11-Aug-14,Tomato,1800,2200,2000,,,,
12-Aug-14,Tomato,1800,2200,2000,,,,
13-Aug-14,Tomato,1600,2000,1800,,,,
14-Aug-14,Tomato,1500,2000,1750,,,,
15-Aug-14,Tomato,1800,2000,1900,,,,
16-Aug-14,Tomato,1500,2000,1750,,,,
17-Aug-14,Tomato,1600,2000,1800,,,,
18-Aug-14,Tomato,2000,2400,2200,,,,
19-Aug-14,Tomato,2000,2600,2300,,,,
20-Aug-14,Tomato,1800,2500,2150,,,,
21-Aug-14,Tomato,2000,2500,2250,,,,
22-Aug-14,Tomato,2500,3000,2750,,,,
23-Aug-14,Tomato,2800,3500,3150,,,,
24-Aug-14,Tomato,2800,3200,3000,,,,
25-Aug-14,Tomato,2800,3200,3000,,,,
26-Aug-14,Tomato,2800,3500,3150,,,,
27-Aug-14,Tomato,2200,2800,2500,,,,
28-Aug-14,Tomato,2500,3000,2750,,,,
29-Aug-14,Tomato,2500,3000,2750,,,,
30-Aug-14,Tomato,2800,3000,2900,,,,
31-Aug-14,Tomato,2800,3200,3000,,,,
01-Sep-14,Tomato,3000,3400,3200,,,,
02-Sep-14,Tomato,3000,3400,3200,,,,
03-Sep-14,Tomato,3000,3500,3250,,,,
04-Sep-14,Tomato,3200,3500,3350,,,,
05-Sep-14,Tomato,3000,3400,3200,,,,
06-Sep-14,Tomato,2500,3000,2750,,,,
07-Sep-14,Tomato,2200,2600,2400,,,,
08-Sep-14,Tomato,1800,2200,2000,,,,
09-Sep-14,Tomato,1700,2200,1950,,,,
10-Sep-14,Tomato,2200,2800,2500,,,,
11-Sep-14,Tomato,2400,3000,2700,,,,
12-Sep-14,Tomato,3200,3600,3400,,,,
13-Sep-14,Tomato,3400,4000,3700,,,,
14-Sep-14,Tomato,3000,3500,3250,,,,
15-Sep-14,Tomato,2500,3000,2750,,,,
16-Sep-14,Tomato,2500,3500,3000,,,,
17-Sep-14,Tomato,4000,4500,4250,,,,
18-Sep-14,Tomato,3500,4500,4000,,,,
19-Sep-14,Tomato,3500,4500,4000,,,,
20-Sep-14,Tomato,3800,4400,4100,,,,
21-Sep-14,Tomato,4000,4500,4250,,,,
22-Sep-14,Tomato,3500,4000,3750,,,,
23-Sep-14,Tomato,4000,4500,4250,,,,
24-Sep-14,Tomato,4000,4500,4250,,,,
25-Sep-14,Tomato,3400,3800,3600,,,,
26-Sep-14,Tomato,3200,3600,3400,,,,
27-Sep-14,Tomato,3500,4000,3750,,,,
28-Sep-14,Tomato,4000,4500,4250,,,,
29-Sep-14,Tomato,3000,3600,3300,,,,
30-Sep-14,Tomato,3000,4000,3500,,,,
01-Oct-14,Tomato,3000,3600,3300,,,,
02-Oct-14,Tomato,2500,3000,2750,,,,
03-Oct-14,Tomato,2500,3000,2750,,,,
04-Oct-14,Tomato,1600,2200,1900,,,,
05-Oct-14,Tomato,2000,2500,2250,,,,
06-Oct-14,Tomato,1800,2200,2000,,,,
07-Oct-14,Tomato,2000,2500,2250,,,,
08-Oct-14,Tomato,2000,2500,2250,,,,
09-Oct-14,Tomato,2500,3000,2750,,,,
10-Oct-14,Tomato,2800,3200,3000,,,,
11-Oct-14,Tomato,2500,3000,2750,,,,
12-Oct-14,Tomato,2600,3000,2800,,,,
13-Oct-14,Tomato,2500,3000,2750,,,,
14-Oct-14,Tomato,2500,3000,2750,,,,
15-Oct-14,Tomato,2500,3000,2750,,,,
16-Oct-14,Tomato,2500,3000,2750,,,,
17-Oct-14,Tomato,2500,3000,2750,,,,
18-Oct-14,Tomato,2200,2400,2300,,,,
19-Oct-14,Tomato,2200,2800,2500,,,,
20-Oct-14,Tomato,2000,2200,2100,,,,
21-Oct-14,Tomato,1600,2000,1800,,,,
22-Oct-14,Tomato,1500,2000,1750,,,,
23-Oct-14,Tomato,1500,2000,1750,,,,
24-Oct-14,Tomato,1400,1800,1600,,,,
25-Oct-14,Tomato,1500,2000,1750,,,,
26-Oct-14,Tomato,1800,2200,2000,,,,
27-Oct-14,Tomato,1400,1800,1600,,,,
28-Oct-14,Tomato,1400,1800,1600,,,,
29-Oct-14,Tomato,1400,1800,1600,,,,
30-Oct-14,Tomato,1600,2000,1800,,,,
31-Oct-14,Tomato,1600,2000,1800,,,,
01-Nov-14,Tomato,1500,2000,1750,,,,
02-Nov-14,Tomato,1600,2000,1800,,,,
03-Nov-14,Tomato,1500,2000,1750,,,,
04-Nov-14,Tomato,1500,1800,1650,,,,
05-Nov-14,Tomato,1600,2000,1800,,,,
06-Nov-14,Tomato,1500,1800,1650,,,,
07-Nov-14,Tomato,1500,1800,1650,,,,
08-Nov-14,Tomato,1500,2000,1750,,,,
09-Nov-14,Tomato,1200,1600,1400,,,,
10-Nov-14,Tomato,1200,1800,1500,,,,
11-Nov-14,Tomato,1200,1600,1400,,,,
12-Nov-14,Tomato,1400,1800,1600,,,,
13-Nov-14,Tomato,1400,1800,1600,,,,
14-Nov-14,Tomato,1200,1600,1400,,,,
15-Nov-14,Tomato,1400,1800,1600,,,,
16-Nov-14,Tomato,1200,1600,1400,,,,
17-Nov-14,Tomato,1200,1800,1500,,,,
18-Nov-14,Tomato,1600,2000,1800,,,,
19-Nov-14,Tomato,1600,2000,1800,,,,
20-Nov-14,Tomato,1800,2200,2000,,,,
21-Nov-14,Tomato,1800,2400,2100,,,,
22-Nov-14,Tomato,1600,2000,1800,,,,
23-Nov-14,Tomato,1600,2000,1800,,,,
24-Nov-14,Tomato,3800,4000,3900,,,,
25-Nov-14,Tomato,3000,3600,3300,,,,
26-Nov-14,Tomato,3000,3600,3300,,,,
27-Nov-14,Tomato,3000,3500,3250,,,,
28-Nov-14,Tomato,3000,3500,3250,,,,
29-Nov-14,Tomato,4000,4400,4200,,,,
30-Nov-14,Tomato,4000,4500,4250,,,,
01-Dec-14,Tomato,4000,4500,4250,,,,
02-Dec-14,Tomato,5000,6000,5500,,,,
03-Dec-14,Tomato,5000,6000,5500,,,,
04-Dec-14,Tomato,5000,6000,5500,,,,
05-Dec-14,Tomato,5000,6000,5500,,,,
06-Dec-14,Tomato,5000,5500,5250,,,,
07-Dec-14,Tomato,5000,5500,5250,,,,
08-Dec-14,Tomato,4500,5000,4750,,,,
09-Dec-14,Tomato,4000,5000,4500,,,,
10-Dec-14,Tomato,5000,6000,5500,,,,
11-Dec-14,Tomato,5000,5500,5250,,,,
12-Dec-14,Tomato,5000,5200,5100,,,,
13-Dec-14,Tomato,5000,5500,5250,,,,
14-Dec-14,Tomato,3500,4000,3750,,,,
15-Dec-14,Tomato,2800,3000,2900,,,,
16-Dec-14,Tomato,3400,3600,3500,,,,
17-Dec-14,Tomato,3000,3500,3250,,,,
18-Dec-14,Tomato,3000,3500,3250,,,,
19-Dec-14,Tomato,3000,3500,3250,,,,
20-Dec-14,Tomato,2800,3200,3000,,,,
21-Dec-14,Tomato,2500,3000,2750,,,,
22-Dec-14,Tomato,3000,3500,3250,,,,
23-Dec-14,Tomato,4000,4500,4250,,,,
24-Dec-14,Tomato,3500,4000,3750,,,,
25-Dec-14,Tomato,3200,3500,3350,,,,
26-Dec-14,Tomato,3500,4000,3750,,,,
27-Dec-14,Tomato,3000,3500,3250,,,,
28-Dec-14,Tomato,3000,3500,3250,,,,
29-Dec-14,Tomato,3000,3500,3250,,,,
30-Dec-14,Tomato,3000,3500,3250,,,,
31-Dec-14,Tomato,3000,3500,3250,,,,
01-Jan-15,Tomato,2000,2500,2250,,,,
02-Jan-15,Tomato,3000,3500,3250,,,,
03-Jan-15,Tomato,2500,3000,2750,,,,
04-Jan-15,Tomato,3000,3500,3250,,,,
05-Jan-15,Tomato,5000,5500,5250,,,,
06-Jan-15,Tomato,5000,6000,5500,,,,
07-Jan-15,Tomato,3500,4000,3750,,,,
08-Jan-15,Tomato,3500,3500,3500,,,,
09-Jan-15,Tomato,5000,5500,5250,,,,
10-Jan-15,Tomato,5500,6000,5750,,,,
11-Jan-15,Tomato,3000,3500,3250,,,,
12-Jan-15,Tomato,3000,3500,3250,,,,
13-Jan-15,Tomato,2500,3000,2750,,,,
14-Jan-15,Tomato,1200,1500,1350,,,,
15-Jan-15,Tomato,3000,3500,3250,,,,
16-Jan-15,Tomato,4500,5000,4750,,,,
17-Jan-15,Tomato,6000,6500,6250,,,,
18-Jan-15,Tomato,5500,6000,5750,,,,
19-Jan-15,Tomato,5000,6000,5500,,,,
20-Jan-15,Tomato,5000,5500,5250,,,,
21-Jan-15,Tomato,5000,5200,5100,,,,
22-Jan-15,Tomato,4000,4500,4250,,,,
23-Jan-15,Tomato,3500,4000,3750,,,,
24-Jan-15,Tomato,3500,4000,3750,,,,
25-Jan-15,Tomato,3000,4000,3500,,,,
26-Jan-15,Tomato,3000,3600,3300,,,,
27-Jan-15,Tomato,3000,3500,3250,,,,
28-Jan-15,Tomato,3000,3500,3250,,,,
29-Jan-15,Tomato,3000,3500,3250,,,,
30-Jan-15,Tomato,3500,4000,3750,,,,
31-Jan-15,Tomato,3500,4000,3750,,,,
01-Feb-15,Tomato,6000,6500,6250,,,,
02-Feb-15,Tomato,6500,7500,7000,,,,
03-Feb-15,Tomato,7000,7500,7250,,,,
04-Feb-15,Tomato,7000,7500,7250,,,,
05-Feb-15,Tomato,7000,7500,7250,,,,
06-Feb-15,Tomato,7000,7500,7250,,,,
07-Feb-15,Tomato,7000,7500,7250,,,,
08-Feb-15,Tomato,7000,7500,7250,,,,
09-Feb-15,Tomato,7000,8000,7500,,,,
10-Feb-15,Tomato,6000,6500,6250,,,,
11-Feb-15,Tomato,5000,5500,5250,,,,
12-Feb-15,Tomato,5000,5500,5250,,,,
13-Feb-15,Tomato,5500,6000,5750,,,,
14-Feb-15,Tomato,5500,6000,5750,,,,
15-Feb-15,Tomato,5500,6000,5750,,,,
16-Feb-15,Tomato,5500,7000,6250,,,,
17-Feb-15,Tomato,4000,4500,4250,,,,
18-Feb-15,Tomato,4500,5000,4750,,,,
19-Feb-15,Tomato,4500,5000,4750,,,,
20-Feb-15,Tomato,4000,4500,4250,,,,
21-Feb-15,Tomato,5000,5500,5250,,,,
22-Feb-15,Tomato,4500,5000,4750,,,,
23-Feb-15,Tomato,4500,5500,5000,,,,
24-Feb-15,Tomato,5000,5500,5250,,,,
25-Feb-15,Tomato,3800,4300,4050,,,,
26-Feb-15,Tomato,3000,3600,3300,,,,
27-Feb-15,Tomato,3800,4000,3900,,,,
28-Feb-15,Tomato,3500,4000,3750,,,,
01-Mar-15,Tomato,3500,4000,3750,,,,
02-Mar-15,Tomato,3000,4000,3500,,,,
03-Mar-15,Tomato,3500,4000,3750,,,,
04-Mar-15,Tomato,3000,3500,3250,,,,
05-Mar-15,Tomato,3400,3800,3600,,,,
06-Mar-15,Tomato,4000,4500,4250,,,,
07-Mar-15,Tomato,3500,4300,3900,,,,
08-Mar-15,Tomato,3500,4000,3750,,,,
09-Mar-15,Tomato,3000,5000,4000,,,,
10-Mar-15,Tomato,4000,4500,4250,,,,
11-Mar-15,Tomato,4000,5000,4500,,,,
12-Mar-15,Tomato,4000,5000,4500,,,,
13-Mar-15,Tomato,4000,5000,4500,,,,
14-Mar-15,Tomato,4000,5000,4500,,,,
15-Mar-15,Tomato,3500,4000,3750,,,,
16-Mar-15,Tomato,3000,4200,3600,,,,
17-Mar-15,Tomato,4000,5000,4500,,,,
18-Mar-15,Tomato,4000,5000,4500,,,,
19-Mar-15,Tomato,5000,6000,5500,,,,
20-Mar-15,Tomato,5000,6000,5500,,,,
21-Mar-15,Tomato,5000,6000,5500,,,,
22-Mar-15,Tomato,5000,6000,5500,,,,
23-Mar-15,Tomato,5000,6000,5500,,,,
24-Mar-15,Tomato,6000,7000,6500,,,,
25-Mar-15,Tomato,6000,7000,6500,,,,
26-Mar-15,Tomato,6000,7000,6500,,,,
27-Mar-15,Tomato,5000,6000,5500,,,,
28-Mar-15,Tomato,5000,6000,5500,,,,
29-Mar-15,Tomato,5000,6000,5500,,,,
30-Mar-15,Tomato,5000,6000,5500,,,,
31-Mar-15,Tomato,5000,6000,5500,,,,
01-Apr-15,Tomato,5000,6000,5500,,,,
02-Apr-15,Tomato,6000,7000,6500,,,,
03-Apr-15,Tomato,5000,6000,5500,,,,
04-Apr-15,Tomato,5000,6000,5500,,,,
05-Apr-15,Tomato,5000,6000,5500,,,,
06-Apr-15,Tomato,4000,5000,4500,,,,
07-Apr-15,Tomato,4000,5000,4500,,,,
08-Apr-15,Tomato,4000,5000,4500,,,,
09-Apr-15,Tomato,4000,5000,4500,,,,
10-Apr-15,Tomato,4500,5500,5000,,,,
11-Apr-15,Tomato,4500,5500,5000,,,,
12-Apr-15,Tomato,4500,5500,5000,,,,
13-Apr-15,Tomato,4500,5400,4950,,,,
14-Apr-15,Tomato,5000,6000,5500,,,,
15-Apr-15,Tomato,5000,6000,5500,,,,
16-Apr-15,Tomato,5000,6000,5500,,,,
17-Apr-15,Tomato,5000,6000,5500,,,,
18-Apr-15,Tomato,6000,7000,6500,,,,
19-Apr-15,Tomato,6000,6800,6400,,,,
20-Apr-15,Tomato,6800,8000,7400,,,,
21-Apr-15,Tomato,7000,8000,7500,,,,
22-Apr-15,Tomato,7000,7500,7250,,,,
23-Apr-15,Tomato,6000,7000,6500,,,,
24-Apr-15,Tomato,6000,7000,6500,,,,
25-Apr-15,Tomato,5000,6000,5500,,,,
26-Apr-15,Tomato,4500,5500,5000,,,,
27-Apr-15,Tomato,4400,5000,4700,,,,
28-Apr-15,Tomato,4000,5000,4500,,,,
29-Apr-15,Tomato,4000,5000,4500,,,,
30-Apr-15,Tomato,4000,5000,4500,,,,
01-May-15,Tomato,3500,4500,4000,,,,
02-May-15,Tomato,3500,4000,3750,,,,
03-May-15,Tomato,3500,4000,3750,,,,
04-May-15,Tomato,3000,4000,3500,,,,
05-May-15,Tomato,3500,4000,3750,,,,
06-May-15,Tomato,3500,4000,3750,,,,
07-May-15,Tomato,4000,5000,4500,,,,
08-May-15,Tomato,4000,5000,4500,,,,
09-May-15,Tomato,5000,6000,5500,,,,
10-May-15,Tomato,5500,6000,5750,,,,
11-May-15,Tomato,5000,5500,5250,,,,
12-May-15,Tomato,4500,5000,4750,,,,
13-May-15,Tomato,4000,4500,4250,,,,
14-May-15,Tomato,3500,4000,3750,,,,
15-May-15,Tomato,3000,4000,3500,,,,
16-May-15,Tomato,3000,4000,3500,,,,
17-May-15,Tomato,3000,3500,3250,,,,
18-May-15,Tomato,2800,3000,2900,,,,
19-May-15,Tomato,3000,3500,3250,,,,
20-May-15,Tomato,2800,3500,3150,,,,
21-May-15,Tomato,2800,3500,3150,,,,
22-May-15,Tomato,2500,3000,2750,,,,
23-May-15,Tomato,2500,3000,2750,,,,
24-May-15,Tomato,2500,3000,2750,,,,
25-May-15,Tomato,2400,2800,2600,,,,
26-May-15,Tomato,3000,4000,3500,,,,
27-May-15,Tomato,3500,4500,4000,,,,
28-May-15,Tomato,2800,3500,3150,,,,
29-May-15,Tomato,2500,3500,3000,,,,
30-May-15,Tomato,2500,3000,2750,,,,
31-May-15,Tomato,2500,3500,3000,,,,
01-Jun-15,Tomato,2000,2600,2300,,,,
02-Jun-15,Tomato,2500,3000,2750,,,,
03-Jun-15,Tomato,1500,2500,2000,,,,
04-Jun-15,Tomato,2000,2500,2250,,,,
05-Jun-15,Tomato,2500,3500,3000,,,,
06-Jun-15,Tomato,2000,3000,2500,,,,
07-Jun-15,Tomato,2000,3000,2500,,,,
08-Jun-15,Tomato,1800,2600,2200,,,,
09-Jun-15,Tomato,2500,3000,2750,,,,
10-Jun-15,Tomato,2000,3000,2500,,,,
11-Jun-15,Tomato,2000,2500,2250,,,,
12-Jun-15,Tomato,2000,3000,2500,,,,
13-Jun-15,Tomato,2000,3000,2500,,,,
14-Jun-15,Tomato,2000,2500,2250,,,,
15-Jun-15,Tomato,1600,2400,2000,,,,
16-Jun-15,Tomato,2000,2500,2250,,,,
17-Jun-15,Tomato,1500,2000,1750,,,,
18-Jun-15,Tomato,1500,2000,1750,,,,
19-Jun-15,Tomato,2000,2500,2250,,,,
20-Jun-15,Tomato,2000,2500,2250,,,,
21-Jun-15,Tomato,2000,2500,2250,,,,
22-Jun-15,Tomato,1800,2500,2150,,,,
23-Jun-15,Tomato,2000,2500,2250,,,,
24-Jun-15,Tomato,2000,3000,2500,,,,
25-Jun-15,Tomato,2000,2500,2250,,,,
26-Jun-15,Tomato,1500,2500,2000,,,,
27-Jun-15,Tomato,1500,2500,2000,,,,
28-Jun-15,Tomato,1500,2500,2000,,,,
29-Jun-15,Tomato,1200,1600,1400,,,,
30-Jun-15,Tomato,1500,2000,1750,,,,
01-Jul-15,Tomato,1500,2500,2000,,,,
02-Jul-15,Tomato,1500,2000,1750,,,,
03-Jul-15,Tomato,2000,3000,2500,,,,
04-Jul-15,Tomato,4000,5000,4500,,,,
05-Jul-15,Tomato,5000,6000,5500,,,,
06-Jul-15,Tomato,3000,3500,3250,,,,
07-Jul-15,Tomato,2000,3000,2500,,,,
08-Jul-15,Tomato,2000,2500,2250,,,,
09-Jul-15,Tomato,1500,2000,1750,,,,
10-Jul-15,Tomato,1000,2000,1500,,,,
11-Jul-15,Tomato,1000,2000,1500,,,,
12-Jul-15,Tomato,4000,5000,4500,,,,
13-Jul-15,Tomato,2400,3500,2950,,,,
14-Jul-15,Tomato,2000,3000,2500,,,,
15-Jul-15,Tomato,2000,3000,2500,,,,
16-Jul-15,Tomato,2500,3000,2750,,,,
17-Jul-15,Tomato,4000,4500,4250,,,,
18-Jul-15,Tomato,4000,5000,4500,,,,
19-Jul-15,Tomato,4000,5000,4500,,,,
20-Jul-15,Tomato,4400,5500,4950,,,,
21-Jul-15,Tomato,6000,7000,6500,,,,
22-Jul-15,Tomato,5000,6000,5500,,,,
23-Jul-15,Tomato,5000,6000,5500,,,,
24-Jul-15,Tomato,6000,7000,6500,,,,
25-Jul-15,Tomato,5000,6000,5500,,,,
26-Jul-15,Tomato,5500,6000,5750,,,,
27-Jul-15,Tomato,5600,6800,6200,,,,
28-Jul-15,Tomato,9000,10000,9500,,,,
29-Jul-15,Tomato,5500,6500,6000,,,,
30-Jul-15,Tomato,4500,5500,5000,,,,
31-Jul-15,Tomato,3000,4000,3500,,,,
01-Aug-15,Tomato,3500,4500,4000,,,,
02-Aug-15,Tomato,5000,6000,5500,,,,
03-Aug-15,Tomato,5000,5600,5300,,,,
04-Aug-15,Tomato,6000,7000,6500,,,,
05-Aug-15,Tomato,7000,7500,7250,,,,
06-Aug-15,Tomato,5000,6000,5500,,,,
07-Aug-15,Tomato,6000,7000,6500,,,,
08-Aug-15,Tomato,6000,7000,6500,,,,
09-Aug-15,Tomato,6000,7000,6500,,,,
10-Aug-15,Tomato,5500,6500,6000,,,,
11-Aug-15,Tomato,5000,6500,5750,,,,
12-Aug-15,Tomato,5000,6000,5500,,,,
13-Aug-15,Tomato,5000,6000,5500,,,,
14-Aug-15,Tomato,5000,6000,5500,,,,
15-Aug-15,Tomato,5000,6000,5500,,,,
16-Aug-15,Tomato,4500,5000,4750,,,,
17-Aug-15,Tomato,4200,5200,4700,,,,
18-Aug-15,Tomato,4000,5000,4500,,,,
19-Aug-15,Tomato,4500,5500,5000,,,,
20-Aug-15,Tomato,4000,5000,4500,,,,
21-Aug-15,Tomato,5000,5500,5250,,,,
22-Aug-15,Tomato,4500,5000,4750,,,,
23-Aug-15,Tomato,4500,5000,4750,,,,
24-Aug-15,Tomato,4500,5800,5150,,,,
25-Aug-15,Tomato,4500,5000,4750,,,,
26-Aug-15,Tomato,4500,5000,4750,,,,
27-Aug-15,Tomato,4500,5500,5000,,,,
28-Aug-15,Tomato,4500,5000,4750,,,,
29-Aug-15,Tomato,4000,5000,4500,,,,
30-Aug-15,Tomato,4000,5000,4500,,,,
31-Aug-15,Tomato,3500,4500,4000,,,,
01-Sep-15,Tomato,4000,5000,4500,,,,
02-Sep-15,Tomato,4000,5000,4500,,,,
03-Sep-15,Tomato,4000,5000,4500,,,,
04-Sep-15,Tomato,4000,5000,4500,,,,
05-Sep-15,Tomato,4000,5000,4500,,,,
06-Sep-15,Tomato,4500,5200,4850,,,,
07-Sep-15,Tomato,5000,6000,5500,,,,
08-Sep-15,Tomato,4000,5000,4500,,,,
09-Sep-15,Tomato,4000,5000,4500,,,,
10-Sep-15,Tomato,4000,5000,4500,,,,
11-Sep-15,Tomato,4000,4500,4250,,,,
12-Sep-15,Tomato,4000,5000,4500,,,,
13-Sep-15,Tomato,4000,5000,4500,,,,
14-Sep-15,Tomato,3500,4400,3950,,,,
15-Sep-15,Tomato,3000,4000,3500,,,,
16-Sep-15,Tomato,3000,4000,3500,,,,
17-Sep-15,Tomato,2500,3000,2750,,,,
18-Sep-15,Tomato,2000,3000,2500,,,,
19-Sep-15,Tomato,1500,2000,1750,,,,
20-Sep-15,Tomato,1500,2000,1750,,,,
21-Sep-15,Tomato,1500,2000,1750,,,,
22-Sep-15,Tomato,1500,2000,1750,,,,
23-Sep-15,Tomato,1500,2000,1750,,,,
24-Sep-15,Tomato,1500,2000,1750,,,,
25-Sep-15,Tomato,1500,2000,1750,,,,
26-Sep-15,Tomato,1500,2000,1750,,,,
27-Sep-15,Tomato,1500,2000,1750,,,,
28-Sep-15,Tomato,1500,2400,1950,,,,
29-Sep-15,Tomato,1500,2000,1750,,,,
30-Sep-15,Tomato,1500,2000,1750,,,,
01-Oct-15,Tomato,1500,2000,1750,,,,
02-Oct-15,Tomato,1500,2000,1750,,,,
03-Oct-15,Tomato,1500,2000,1750,,,,
04-Oct-15,Tomato,1500,2000,1750,,,,
05-Oct-15,Tomato,2500,3000,2750,,,,
06-Oct-15,Tomato,2000,3000,2500,,,,
07-Oct-15,Tomato,2000,3000,2500,,,,
08-Oct-15,Tomato,1800,2500,2150,,,,
09-Oct-15,Tomato,1500,2000,1750,,,,
10-Oct-15,Tomato,1500,2000,1750,,,,
11-Oct-15,Tomato,2000,2500,2250,,,,
12-Oct-15,Tomato,2000,2500,2250,,,,
13-Oct-15,Tomato,1500,2000,1750,,,,
14-Oct-15,Tomato,2000,3000,2500,,,,
15-Oct-15,Tomato,2000,3000,2500,,,,
16-Oct-15,Tomato,2000,3000,2500,,,,
17-Oct-15,Tomato,3000,3500,3250,,,,
18-Oct-15,Tomato,2500,3000,2750,,,,
19-Oct-15,Tomato,2500,3000,2750,,,,
20-Oct-15,Tomato,2000,3000,2500,,,,
21-Oct-15,Tomato,2500,3000,2750,,,,
22-Oct-15,Tomato,2000,2500,2250,,,,
23-Oct-15,Tomato,2000,3000,2500,,,,
24-Oct-15,Tomato,2500,3000,2750,,,,
25-Oct-15,Tomato,2500,3000,2750,,,,
26-Oct-15,Tomato,2000,2500,2250,,,,
27-Oct-15,Tomato,2500,3000,2750,,,,
28-Oct-15,Tomato,2500,3000,2750,,,,
29-Oct-15,Tomato,2500,3000,2750,,,,
30-Oct-15,Tomato,2500,3000,2750,,,,
31-Oct-15,Tomato,2500,3000,2750,,,,
01-Nov-15,Tomato,2500,3000,2750,,,,
02-Nov-15,Tomato,3000,3500,3250,,,,
03-Nov-15,Tomato,2000,3000,2500,,,,
04-Nov-15,Tomato,2000,2500,2250,,,,
05-Nov-15,Tomato,2000,3000,2500,,,,
06-Nov-15,Tomato,2500,3000,2750,,,,
07-Nov-15,Tomato,2000,3000,2500,,,,
08-Nov-15,Tomato,2000,2500,2250,,,,
09-Nov-15,Tomato,2000,2400,2200,,,,
10-Nov-15,Tomato,2000,2500,2250,,,,
11-Nov-15,Tomato,2000,3000,2500,,,,
12-Nov-15,Tomato,2000,2500,2250,,,,
13-Nov-15,Tomato,2500,3000,2750,,,,
14-Nov-15,Tomato,2500,3000,2750,,,,
15-Nov-15,Tomato,3000,3500,3250,,,,
16-Nov-15,Tomato,3000,4000,3500,,,,
17-Nov-15,Tomato,2500,3200,2850,,,,
18-Nov-15,Tomato,2500,2800,2650,,,,
19-Nov-15,Tomato,2000,2500,2250,,,,
20-Nov-15,Tomato,2500,3000,2750,,,,
21-Nov-15,Tomato,2500,3000,2750,,,,
22-Nov-15,Tomato,2800,3500,3150,,,,
23-Nov-15,Tomato,2500,3000,2750,,,,
24-Nov-15,Tomato,3500,4000,3750,,,,
25-Nov-15,Tomato,3500,4000,3750,,,,
26-Nov-15,Tomato,3000,4000,3500,,,,
27-Nov-15,Tomato,3500,4000,3750,,,,
28-Nov-15,Tomato,3800,4000,3900,,,,
29-Nov-15,Tomato,4000,4500,4250,,,,
30-Nov-15,Tomato,4000,5000,4500,,,,
01-Dec-15,Tomato,4000,5000,4500,,,,
02-Dec-15,Tomato,4000,4500,4250,,,,
03-Dec-15,Tomato,4000,5000,4500,,,,
04-Dec-15,Tomato,4000,5000,4500,,,,
05-Dec-15,Tomato,3700,4200,3950,,,,
06-Dec-15,Tomato,4000,4500,4250,,,,
07-Dec-15,Tomato,4000,4500,4250,,,,
08-Dec-15,Tomato,3000,4000,3500,,,,
09-Dec-15,Tomato,3000,3500,3250,,,,
10-Dec-15,Tomato,3000,3500,3250,,,,
11-Dec-15,Tomato,2500,3000,2750,,,,
12-Dec-15,Tomato,3500,4000,3750,,,,
13-Dec-15,Tomato,3000,3500,3250,,,,
14-Dec-15,Tomato,2500,3000,2750,,,,
15-Dec-15,Tomato,2500,3000,2750,,,,
16-Dec-15,Tomato,2500,3000,2750,,,,
17-Dec-15,Tomato,2500,3000,2750,,,,
18-Dec-15,Tomato,3500,4000,3750,,,,
19-Dec-15,Tomato,2800,3500,3150,,,,
20-Dec-15,Tomato,2500,3000,2750,,,,
21-Dec-15,Tomato,2500,3000,2750,,,,
22-Dec-15,Tomato,2200,3000,2600,,,,
23-Dec-15,Tomato,2500,3000,2750,,,,
24-Dec-15,Tomato,2500,3000,2750,,,,
25-Dec-15,Tomato,2500,3000,2750,,,,
26-Dec-15,Tomato,2000,2500,2250,,,,
27-Dec-15,Tomato,2000,2500,2250,,,,
28-Dec-15,Tomato,1500,2000,1750,,,,
29-Dec-15,Tomato,1500,2000,1750,,,,
30-Dec-15,Tomato,1500,2000,1750,,,,
31-Dec-15,Tomato,1500,2000,1750,,,,
01-Jan-16,Tomato,2000,2500,2250,,,,
02-Jan-16,Tomato,2500,3000,2750,,,,
03-Jan-16,Tomato,3000,3500,3250,,,,
04-Jan-16,Tomato,3000,4000,3500,,,,
05-Jan-16,Tomato,3000,4000,3500,,,,
06-Jan-16,Tomato,3500,4500,4000,,,,
07-Jan-16,Tomato,3800,4500,4150,,,,
08-Jan-16,Tomato,4500,5000,4750,,,,
09-Jan-16,Tomato,4000,4500,4250,,,,
10-Jan-16,Tomato,3000,4200,3600,,,,
11-Jan-16,Tomato,4000,5000,4500,,,,
12-Jan-16,Tomato,4000,5000,4500,,,,
13-Jan-16,Tomato,5000,6000,5500,,,,
14-Jan-16,Tomato,6000,7000,6500,,,,
15-Jan-16,Tomato,6000,6500,6250,,,,
16-Jan-16,Tomato,6000,6500,6250,,,,
17-Jan-16,Tomato,5000,6000,5500,,,,
18-Jan-16,Tomato,5000,6000,5500,,,,
19-Jan-16,Tomato,5000,6000,5500,,,,
20-Jan-16,Tomato,5000,6000,5500,,,,
21-Jan-16,Tomato,5000,6000,5500,,,,
22-Jan-16,Tomato,5000,6000,5500,,,,
23-Jan-16,Tomato,5500,6000,5750,,,,
24-Jan-16,Tomato,6000,6500,6250,,,,
25-Jan-16,Tomato,5000,5500,5250,,,,
26-Jan-16,Tomato,5000,6000,5500,,,,
27-Jan-16,Tomato,4500,5500,5000,,,,
28-Jan-16,Tomato,5500,6500,6000,,,,
29-Jan-16,Tomato,7000,8000,7500,,,,
30-Jan-16,Tomato,6000,7000,6500,,,,
31-Jan-16,Tomato,7000,8000,7500,,,,
01-Feb-16,Tomato,7000,8000,7500,,,,
02-Feb-16,Tomato,6000,7000,6500,,,,
03-Feb-16,Tomato,5000,6000,5500,,,,
04-Feb-16,Tomato,5000,6000,5500,,,,
05-Feb-16,Tomato,5000,6000,5500,,,,
06-Feb-16,Tomato,6000,7000,6500,,,,
07-Feb-16,Tomato,5000,6000,5500,,,,
08-Feb-16,Tomato,6000,7000,6500,,,,
09-Feb-16,Tomato,6000,7000,6500,,,,
10-Feb-16,Tomato,5000,6000,5500,,,,
11-Feb-16,Tomato,6000,7000,6500,,,,
12-Feb-16,Tomato,6000,7000,6500,,,,
13-Feb-16,Tomato,5000,6000,5500,,,,
14-Feb-16,Tomato,6000,7000,6500,,,,
15-Feb-16,Tomato,7000,8000,7500,,,,
16-Feb-16,Tomato,5000,6000,5500,,,,
17-Feb-16,Tomato,5000,6000,5500,,,,
18-Feb-16,Tomato,4000,5000,4500,,,,
19-Feb-16,Tomato,5000,6000,5500,,,,
20-Feb-16,Tomato,4000,5500,4750,,,,
21-Feb-16,Tomato,5000,6000,5500,,,,
22-Feb-16,Tomato,5000,6000,5500,,,,
23-Feb-16,Tomato,3500,4500,4000,,,,
24-Feb-16,Tomato,3500,4000,3750,,,,
25-Feb-16,Tomato,3000,3800,3400,,,,
26-Feb-16,Tomato,4000,5000,4500,,,,
27-Feb-16,Tomato,2500,4000,3250,,,,
28-Feb-16,Tomato,4000,5000,4500,,,,
29-Feb-16,Tomato,4000,5000,4500,,,,
01-Mar-16,Tomato,4500,5000,4750,,,,
02-Mar-16,Tomato,5000,6000,5500,,,,
03-Mar-16,Tomato,5000,6000,5500,,,,
04-Mar-16,Tomato,4000,5000,4500,,,,
05-Mar-16,Tomato,3000,4000,3500,,,,
06-Mar-16,Tomato,5000,6000,5500,,,,
07-Mar-16,Tomato,5000,5500,5250,,,,
08-Mar-16,Tomato,6000,7000,6500,,,,
09-Mar-16,Tomato,6000,7000,6500,,,,
10-Mar-16,Tomato,6000,7000,6500,,,,
11-Mar-16,Tomato,6000,7000,6500,,,,
12-Mar-16,Tomato,6500,7000,6750,,,,
13-Mar-16,Tomato,6000,7000,6500,,,,
14-Mar-16,Tomato,6000,7000,6500,,,,
15-Mar-16,Tomato,6000,7000,6500,,,,
16-Mar-16,Tomato,6000,7000,6500,,,,
17-Mar-16,Tomato,6000,7000,6500,,,,
18-Mar-16,Tomato,6000,7000,6500,,,,
19-Mar-16,Tomato,6000,7000,6500,,,,
20-Mar-16,Tomato,6000,7000,6500,,,,
21-Mar-16,Tomato,7000,8000,7500,,,,
22-Mar-16,Tomato,6000,7000,6500,,,,
23-Mar-16,Tomato,6000,7000,6500,,,,
24-Mar-16,Tomato,6500,7000,6750,,,,
25-Mar-16,Tomato,5500,6000,5750,,,,
26-Mar-16,Tomato,5500,6000,5750,,,,
27-Mar-16,Tomato,6000,6500,6250,,,,
28-Mar-16,Tomato,5500,6000,5750,,,,
29-Mar-16,Tomato,5000,6000,5500,,,,
30-Mar-16,Tomato,5000,6000,5500,,,,
31-Mar-16,Tomato,5000,5500,5250,,,,
01-Apr-16,Tomato,5500,6500,6000,,,,
02-Apr-16,Tomato,5800,6500,6150,,,,
03-Apr-16,Tomato,6000,7000,6500,,,,
04-Apr-16,Tomato,6000,7000,6500,,,,
05-Apr-16,Tomato,8000,9000,8500,,,,
06-Apr-16,Tomato,7500,8500,8000,,,,
07-Apr-16,Tomato,7000,8000,7500,,,,
08-Apr-16,Tomato,8500,9000,8750,,,,
09-Apr-16,Tomato,8000,8500,8250,,,,
10-Apr-16,Tomato,8000,9000,8500,,,,
11-Apr-16,Tomato,7500,8000,7750,,,,
12-Apr-16,Tomato,7000,8000,7500,,,,
13-Apr-16,Tomato,7000,7500,7250,,,,
14-Apr-16,Tomato,6500,7000,6750,,,,
15-Apr-16,Tomato,6500,7000,6750,,,,
16-Apr-16,Tomato,8000,9000,8500,,,,
17-Apr-16,Tomato,7000,7500,7250,,,,
18-Apr-16,Tomato,6500,7000,6750,,,,
19-Apr-16,Tomato,6000,7000,6500,,,,
20-Apr-16,Tomato,5000,6000,5500,,,,
21-Apr-16,Tomato,5000,6000,5500,,,,
22-Apr-16,Tomato,5000,6000,5500,,,,
23-Apr-16,Tomato,5000,6000,5500,,,,
24-Apr-16,Tomato,5000,5500,5250,,,,
25-Apr-16,Tomato,4500,5500,5000,,,,
26-Apr-16,Tomato,4500,5500,5000,,,,
27-Apr-16,Tomato,4500,5500,5000,,,,
28-Apr-16,Tomato,5000,6000,5500,,,,
29-Apr-16,Tomato,7500,8000,7750,,,,
30-Apr-16,Tomato,5500,6000,5750,,,,
01-May-16,Tomato,5000,6000,5500,,,,
02-May-16,Tomato,4000,5000,4500,,,,
03-May-16,Tomato,4000,5000,4500,,,,
04-May-16,Tomato,4500,5000,4750,,,,
05-May-16,Tomato,5000,5500,5250,,,,
06-May-16,Tomato,4000,5000,4500,,,,
07-May-16,Tomato,4000,4800,4400,,,,
08-May-16,Tomato,5000,6000,5500,,,,
09-May-16,Tomato,4500,5500,5000,,,,
10-May-16,Tomato,4500,5500,5000,,,,
11-May-16,Tomato,4500,5500,5000,,,,
12-May-16,Tomato,4500,5500,5000,,,,
13-May-16,Tomato,4500,5500,5000,,,,
14-May-16,Tomato,4500,5200,4850,,,,
15-May-16,Tomato,4500,5500,5000,,,,
16-May-16,Tomato,4500,5500,5000,,,,
17-May-16,Tomato,4000,5000,4500,,,,
18-May-16,Tomato,4000,5000,4500,,,,
19-May-16,Tomato,3500,4500,4000,,,,
20-May-16,Tomato,3500,4500,4000,,,,
21-May-16,Tomato,3800,4500,4150,,,,
22-May-16,Tomato,3500,4500,4000,,,,
23-May-16,Tomato,3500,4500,4000,,,,
24-May-16,Tomato,4500,5500,5000,,,,
25-May-16,Tomato,4000,5000,4500,,,,
26-May-16,Tomato,4000,4500,4250,,,,
27-May-16,Tomato,4500,5500,5000,,,,
28-May-16,Tomato,4500,5000,4750,,,,
29-May-16,Tomato,5000,6000,5500,,,,
30-May-16,Tomato,4000,5000,4500,,,,
31-May-16,Tomato,4500,5500,5000,,,,
01-Jun-16,Tomato,4800,5500,5150,,,,
02-Jun-16,Tomato,4000,5000,4500,,,,
03-Jun-16,Tomato,4000,4500,4250,,,,
04-Jun-16,Tomato,4500,5000,4750,,,,
05-Jun-16,Tomato,4500,5500,5000,,,,
06-Jun-16,Tomato,5000,6000,5500,,,,
07-Jun-16,Tomato,4500,5500,5000,,,,
08-Jun-16,Tomato,4500,5500,5000,,,,
09-Jun-16,Tomato,4500,5500,5000,,,,
10-Jun-16,Tomato,5000,6000,5500,,,,
11-Jun-16,Tomato,5000,6000,5500,,,,
12-Jun-16,Tomato,6000,7000,6500,,,,
13-Jun-16,Tomato,6500,7000,6750,,,,
14-Jun-16,Tomato,7000,8000,7500,,,,
15-Jun-16,Tomato,6000,7000,6500,,,,
16-Jun-16,Tomato,6500,7500,7000,,,,
17-Jun-16,Tomato,6000,7000,6500,,,,
18-Jun-16,Tomato,6000,7000,6500,,,,
19-Jun-16,Tomato,7000,7500,7250,,,,
20-Jun-16,Tomato,6500,7500,7000,,,,
21-Jun-16,Tomato,8000,9000,8500,,,,
22-Jun-16,Tomato,6000,7000,6500,,,,
23-Jun-16,Tomato,5500,6500,6000,,,,
24-Jun-16,Tomato,5000,6000,5500,,,,
25-Jun-16,Tomato,5000,5400,5200,,,,
26-Jun-16,Tomato,5500,6500,6000,,,,
27-Jun-16,Tomato,6500,7000,6750,,,,
28-Jun-16,Tomato,7000,8000,7500,,,,
29-Jun-16,Tomato,7000,8000,7500,,,,
30-Jun-16,Tomato,7500,8000,7750,,,,
01-Jul-16,Tomato,7000,8000,7500,,,,
02-Jul-16,Tomato,5000,5500,5250,,,,
03-Jul-16,Tomato,5000,6000,5500,,,,
04-Jul-16,Tomato,6000,7000,6500,,,,
05-Jul-16,Tomato,5000,6000,5500,,,,
06-Jul-16,Tomato,4000,5000,4500,,,,
07-Jul-16,Tomato,4000,5000,4500,,,,
08-Jul-16,Tomato,4000,5000,4500,,,,
09-Jul-16,Tomato,3800,4500,4150,,,,
10-Jul-16,Tomato,3500,4500,4000,,,,
11-Jul-16,Tomato,4000,5000,4500,,,,
12-Jul-16,Tomato,4000,5000,4500,,,,
13-Jul-16,Tomato,3500,4500,4000,,,,
14-Jul-16,Tomato,3500,4500,4000,,,,
15-Jul-16,Tomato,3500,4500,4000,,,,
16-Jul-16,Tomato,3000,4000,3500,,,,
17-Jul-16,Tomato,3000,3800,3400,,,,
18-Jul-16,Tomato,3000,4000,3500,,,,
19-Jul-16,Tomato,3000,4000,3500,,,,
20-Jul-16,Tomato,3000,4000,3500,,,,
21-Jul-16,Tomato,3000,4000,3500,,,,
22-Jul-16,Tomato,3500,4000,3750,,,,
23-Jul-16,Tomato,4000,4800,4400,,,,
24-Jul-16,Tomato,3000,4000,3500,,,,
25-Jul-16,Tomato,3000,4000,3500,,,,
26-Jul-16,Tomato,3000,4000,3500,,,,
27-Jul-16,Tomato,3000,4000,3500,,,,
28-Jul-16,Tomato,2500,3500,3000,,,,
29-Jul-16,Tomato,2500,3500,3000,,,,
30-Jul-16,Tomato,2500,3000,2750,,,,
31-Jul-16,Tomato,2500,3500,3000,,,,
01-Aug-16,Tomato,2500,3500,3000,,,,
02-Aug-16,Tomato,2500,3500,3000,,,,
03-Aug-16,Tomato,3000,4000,3500,,,,
04-Aug-16,Tomato,2500,3500,3000,,,,
05-Aug-16,Tomato,3000,4000,3500,,,,
06-Aug-16,Tomato,3500,4000,3750,,,,
07-Aug-16,Tomato,3000,4000,3500,,,,
08-Aug-16,Tomato,3000,4000,3500,,,,
09-Aug-16,Tomato,3000,4000,3500,,,,
10-Aug-16,Tomato,3000,4000,3500,,,,
11-Aug-16,Tomato,2500,3500,3000,,,,
12-Aug-16,Tomato,2500,3500,3000,,,,
13-Aug-16,Tomato,2800,3500,3150,,,,
14-Aug-16,Tomato,2500,3500,3000,,,,
15-Aug-16,Tomato,2500,3500,3000,,,,
16-Aug-16,Tomato,2500,3500,3000,,,,
17-Aug-16,Tomato,3000,4000,3500,,,,
18-Aug-16,Tomato,3000,4000,3500,,,,
19-Aug-16,Tomato,3000,4000,3500,,,,
20-Aug-16,Tomato,3500,4000,3750,,,,
21-Aug-16,Tomato,3000,4000,3500,,,,
22-Aug-16,Tomato,3000,4000,3500,,,,
23-Aug-16,Tomato,3000,4000,3500,,,,
24-Aug-16,Tomato,3000,3500,3250,,,,
25-Aug-16,Tomato,3000,3500,3250,,,,
26-Aug-16,Tomato,2800,3500,3150,,,,
27-Aug-16,Tomato,3000,3500,3250,,,,
28-Aug-16,Tomato,3000,4000,3500,,,,
29-Aug-16,Tomato,3000,4000,3500,,,,
30-Aug-16,Tomato,3000,4000,3500,,,,
31-Aug-16,Tomato,3000,4000,3500,,,,
01-Sep-16,Tomato,3000,4000,3500,,,,
02-Sep-16,Tomato,3000,3500,3250,,,,
03-Sep-16,Tomato,2800,3000,2900,,,,
04-Sep-16,Tomato,2500,3500,3000,,,,
05-Sep-16,Tomato,2500,3500,3000,,,,
06-Sep-16,Tomato,2000,2500,2250,,,,
07-Sep-16,Tomato,2000,3000,2500,,,,
08-Sep-16,Tomato,2000,3000,2500,,,,
09-Sep-16,Tomato,2000,2500,2250,,,,
10-Sep-16,Tomato,2000,2500,2250,,,,
11-Sep-16,Tomato,2000,3000,2500,,,,
12-Sep-16,Tomato,2000,3000,2500,,,,
13-Sep-16,Tomato,2000,3000,2500,,,,
14-Sep-16,Tomato,2000,3000,2500,,,,
15-Sep-16,Tomato,2000,3000,2500,,,,
16-Sep-16,Tomato,2000,3000,2500,,,,
17-Sep-16,Tomato,2500,3000,2750,,,,
18-Sep-16,Tomato,2000,3000,2500,,,,
19-Sep-16,Tomato,2000,3000,2500,,,,
20-Sep-16,Tomato,2000,2500,2250,,,,
21-Sep-16,Tomato,2500,3000,2750,,,,
22-Sep-16,Tomato,2000,3000,2500,,,,
23-Sep-16,Tomato,2000,3000,2500,,,,
24-Sep-16,Tomato,2000,2500,2250,,,,
25-Sep-16,Tomato,2000,3000,2500,,,,
26-Sep-16,Tomato,2000,3000,2500,,,,
27-Sep-16,Tomato,2000,3000,2500,,,,
28-Sep-16,Tomato,4000,5000,4500,,,,
29-Sep-16,Tomato,2000,3000,2500,,,,
30-Sep-16,Tomato,2000,2500,2250,,,,
01-Oct-16,Tomato,2500,3000,2750,,,,
02-Oct-16,Tomato,2000,3000,2500,,,,
03-Oct-16,Tomato,2000,3000,2500,,,,
04-Oct-16,Tomato,2000,3000,2500,,,,
05-Oct-16,Tomato,2000,3000,2500,,,,
06-Oct-16,Tomato,1500,2500,2000,,,,
07-Oct-16,Tomato,1500,2000,1750,,,,
08-Oct-16,Tomato,2000,2500,2250,,,,
09-Oct-16,Tomato,2000,2500,2250,,,,
10-Oct-16,Tomato,1800,2400,2100,,,,
11-Oct-16,Tomato,1500,2500,2000,,,,
12-Oct-16,Tomato,1500,2500,2000,,,,
13-Oct-16,Tomato,1500,2500,2000,,,,
14-Oct-16,Tomato,1500,2500,2000,,,,
15-Oct-16,Tomato,1500,2400,1950,,,,
16-Oct-16,Tomato,1000,2000,1500,,,,
17-Oct-16,Tomato,1000,2000,1500,,,,
18-Oct-16,Tomato,1000,2000,1500,,,,
19-Oct-16,Tomato,1500,2500,2000,,,,
20-Oct-16,Tomato,1500,2000,1750,,,,
21-Oct-16,Tomato,1500,2000,1750,,,,
22-Oct-16,Tomato,1500,2000,1750,,,,
23-Oct-16,Tomato,1500,2000,1750,,,,
24-Oct-16,Tomato,1500,2000,1750,,,,
25-Oct-16,Tomato,1500,2000,1750,,,,
26-Oct-16,Tomato,1500,2000,1750,,,,
27-Oct-16,Tomato,1500,2000,1750,,,,
28-Oct-16,Tomato,1500,2000,1750,,,,
29-Oct-16,Tomato,1500,2000,1750,,,,
30-Oct-16,Tomato,1500,2000,1750,,,,
31-Oct-16,Tomato,1500,2000,1750,,,,
01-Nov-16,Tomato,1500,2000,1750,,,,
02-Nov-16,Tomato,1500,2000,1750,,,,
03-Nov-16,Tomato,1500,2000,1750,,,,
04-Nov-16,Tomato,1500,2000,1750,,,,
05-Nov-16,Tomato,1500,2000,1750,,,,
06-Nov-16,Tomato,1500,2000,1750,,,,
07-Nov-16,Tomato,2000,2500,2250,,,,
08-Nov-16,Tomato,2000,2500,2250,,,,
09-Nov-16,Tomato,2000,2500,2250,,,,
10-Nov-16,Tomato,2000,2500,2250,,,,
11-Nov-16,Tomato,2500,3000,2750,,,,
12-Nov-16,Tomato,2400,3000,2700,,,,
13-Nov-16,Tomato,2500,3000,2750,,,,
14-Nov-16,Tomato,2500,3000,2750,,,,
15-Nov-16,Tomato,2500,3000,2750,,,,
16-Nov-16,Tomato,2500,3000,2750,,,,
17-Nov-16,Tomato,2500,3000,2750,,,,
18-Nov-16,Tomato,3000,3500,3250,,,,
19-Nov-16,Tomato,3000,3500,3250,,,,
20-Nov-16,Tomato,3000,3500,3250,,,,
21-Nov-16,Tomato,2500,3000,2750,,,,
22-Nov-16,Tomato,2500,3000,2750,,,,
23-Nov-16,Tomato,2800,3200,3000,,,,
24-Nov-16,Tomato,2500,3000,2750,,,,
25-Nov-16,Tomato,2500,3000,2750,,,,
26-Nov-16,Tomato,2500,3000,2750,,,,
27-Nov-16,Tomato,2500,3000,2750,,,,
28-Nov-16,Tomato,2500,3000,2750,,,,
29-Nov-16,Tomato,2500,3000,2750,,,,
30-Nov-16,Tomato,2500,3000,2750,,,,
01-Dec-16,Tomato,2500,3000,2750,,,,
02-Dec-16,Tomato,3000,3500,3250,,,,
03-Dec-16,Tomato,3500,4000,3750,,,,
04-Dec-16,Tomato,3500,4000,3750,,,,
05-Dec-16,Tomato,3000,3500,3250,,,,
06-Dec-16,Tomato,3000,3500,3250,,,,
07-Dec-16,Tomato,3000,3500,3250,,,,
08-Dec-16,Tomato,2500,3000,2750,,,,
09-Dec-16,Tomato,3000,3500,3250,,,,
10-Dec-16,Tomato,3000,3500,3250,,,,
11-Dec-16,Tomato,3000,3500,3250,,,,
12-Dec-16,Tomato,3000,3500,3250,,,,
13-Dec-16,Tomato,3000,3500,3250,,,,
14-Dec-16,Tomato,3000,3500,3250,,,,
15-Dec-16,Tomato,3000,3500,3250,,,,
16-Dec-16,Tomato,2500,3000,2750,,,,
17-Dec-16,Tomato,2000,2800,2400,,,,
18-Dec-16,Tomato,2000,2800,2400,,,,
19-Dec-16,Tomato,2400,3000,2700,,,,
20-Dec-16,Tomato,3000,4000,3500,,,,
21-Dec-16,Tomato,3000,3500,3250,,,,
22-Dec-16,Tomato,3000,3500,3250,,,,
23-Dec-16,Tomato,3000,3500,3250,,,,
24-Dec-16,Tomato,3000,3500,3250,,,,
25-Dec-16,Tomato,3000,3500,3250,,,,
26-Dec-16,Tomato,3000,3500,3250,,,,
27-Dec-16,Tomato,2500,3000,2750,,,,
28-Dec-16,Tomato,3000,3500,3250,,,,
29-Dec-16,Tomato,3000,3500,3250,,,,
30-Dec-16,Tomato,3000,3500,3250,,,,
31-Dec-16,Tomato,2500,3000,2750,,,,
01-Jan-17,Tomato,2500,3000,2750,,,,
02-Jan-17,Tomato,2500,3000,2750,,,,
03-Jan-17,Tomato,2500,3000,2750,,,,
04-Jan-17,Tomato,2500,3000,2750,,,,
05-Jan-17,Tomato,2500,3000,2750,,,,
06-Jan-17,Tomato,2500,3000,2750,,,,
07-Jan-17,Tomato,2500,3000,2750,,,,
08-Jan-17,Tomato,3000,3500,3250,,,,
09-Jan-17,Tomato,2500,3000,2750,,,,
10-Jan-17,Tomato,2500,3000,2750,,,,
11-Jan-17,Tomato,2500,3000,2750,,,,
12-Jan-17,Tomato,2500,3000,2750,,,,
13-Jan-17,Tomato,2500,3000,2750,,,,
14-Jan-17,Tomato,2500,3000,2750,,,,
15-Jan-17,Tomato,3000,3500,3250,,,,
16-Jan-17,Tomato,3500,4000,3750,,,,
17-Jan-17,Tomato,4000,5000,4500,,,,
18-Jan-17,Tomato,3500,4500,4000,,,,
19-Jan-17,Tomato,3500,4500,4000,,,,
20-Jan-17,Tomato,4000,5000,4500,,,,
21-Jan-17,Tomato,4000,5000,4500,,,,
22-Jan-17,Tomato,4000,4500,4250,,,,
23-Jan-17,Tomato,4500,5000,4750,,,,
24-Jan-17,Tomato,4500,5000,4750,,,,
25-Jan-17,Tomato,3000,3500,3250,,,,
26-Jan-17,Tomato,3000,3500,3250,,,,
27-Jan-17,Tomato,3000,3500,3250,,,,
28-Jan-17,Tomato,3000,3500,3250,,,,
29-Jan-17,Tomato,3000,3500,3250,,,,
30-Jan-17,Tomato,3000,3500,3250,,,,
31-Jan-17,Tomato,3000,3500,3250,,,,
01-Feb-17,Tomato,3000,3500,3250,,,,
02-Feb-17,Tomato,4500,5000,4750,,,,
03-Feb-17,Tomato,3000,3500,3250,,,,
04-Feb-17,Tomato,4000,4500,4250,,,,
05-Feb-17,Tomato,4000,4500,4250,,,,
06-Feb-17,Tomato,3000,3500,3250,,,,
07-Feb-17,Tomato,3000,3800,3400,,,,
08-Feb-17,Tomato,4500,5000,4750,,,,
09-Feb-17,Tomato,5000,5500,5250,,,,
10-Feb-17,Tomato,5500,6000,5750,,,,
11-Feb-17,Tomato,6000,6500,6250,,,,
12-Feb-17,Tomato,5000,5500,5250,,,,
13-Feb-17,Tomato,5000,5500,5250,,,,
14-Feb-17,Tomato,4500,5000,4750,,,,
15-Feb-17,Tomato,4500,5000,4750,,,,
16-Feb-17,Tomato,4500,5000,4750,,,,
17-Feb-17,Tomato,4500,5000,4750,,,,
18-Feb-17,Tomato,4000,4500,4250,,,,
19-Feb-17,Tomato,4000,4500,4250,,,,
20-Feb-17,Tomato,4000,4500,4250,,,,
21-Feb-17,Tomato,4000,4500,4250,,,,
22-Feb-17,Tomato,3500,4000,3750,,,,
23-Feb-17,Tomato,3500,4000,3750,,,,
24-Feb-17,Tomato,3000,3600,3300,,,,
25-Feb-17,Tomato,3000,3500,3250,,,,
26-Feb-17,Tomato,3000,3500,3250,,,,
27-Feb-17,Tomato,3000,3500,3250,,,,
28-Feb-17,Tomato,3000,3500,3250,,,,
01-Mar-17,Tomato,3000,3500,3250,,,,
02-Mar-17,Tomato,3000,3500,3250,,,,
03-Mar-17,Tomato,3000,3500,3250,,,,
04-Mar-17,Tomato,2500,3000,2750,,,,
05-Mar-17,Tomato,2500,3000,2750,,,,
06-Mar-17,Tomato,2500,3000,2750,,,,
07-Mar-17,Tomato,2500,3000,2750,,,,
08-Mar-17,Tomato,2500,3000,2750,,,,
09-Mar-17,Tomato,2400,2800,2600,,,,
10-Mar-17,Tomato,2000,2500,2250,,,,
11-Mar-17,Tomato,2000,2500,2250,,,,
12-Mar-17,Tomato,2000,2500,2250,,,,
13-Mar-17,Tomato,2000,2500,2250,,,,
14-Mar-17,Tomato,2000,2500,2250,,,,
15-Mar-17,Tomato,2000,2500,2250,,,,
16-Mar-17,Tomato,2000,2500,2250,,,,
17-Mar-17,Tomato,2000,2500,2250,,,,
18-Mar-17,Tomato,2400,3000,2700,,,,
19-Mar-17,Tomato,2800,3200,3000,,,,
20-Mar-17,Tomato,3000,3500,3250,,,,
21-Mar-17,Tomato,2700,3300,3000,,,,
22-Mar-17,Tomato,2700,3500,3100,,,,
23-Mar-17,Tomato,3000,3500,3250,,,,
24-Mar-17,Tomato,3500,4000,3750,,,,
25-Mar-17,Tomato,3500,4000,3750,,,,
26-Mar-17,Tomato,3000,3500,3250,,,,
27-Mar-17,Tomato,3000,3500,3250,,,,
28-Mar-17,Tomato,3000,3500,3250,,,,
29-Mar-17,Tomato,3000,3500,3250,,,,
30-Mar-17,Tomato,3000,3500,3250,,,,
31-Mar-17,Tomato,3000,3500,3250,,,,
01-Apr-17,Tomato,3000,3500,3250,,,,
02-Apr-17,Tomato,4500,5000,4750,,,,
03-Apr-17,Tomato,4500,5000,4750,,,,
04-Apr-17,Tomato,4500,5000,4750,,,,
05-Apr-17,Tomato,4500,5000,4750,,,,
06-Apr-17,Tomato,4500,5000,4750,,,,
07-Apr-17,Tomato,4000,5000,4500,,,,
08-Apr-17,Tomato,4000,5000,4500,,,,
09-Apr-17,Tomato,4000,4500,4250,,,,
10-Apr-17,Tomato,4000,5000,4500,,,,
11-Apr-17,Tomato,4000,5000,4500,,,,
12-Apr-17,Tomato,4000,5000,4500,,,,
13-Apr-17,Tomato,4000,5000,4500,,,,
14-Apr-17,Tomato,5000,5500,5250,,,,
15-Apr-17,Tomato,4500,5000,4750,,,,
16-Apr-17,Tomato,4500,5000,4750,,,,
17-Apr-17,Tomato,5000,5500,5250,,,,
18-Apr-17,Tomato,5000,5500,5250,,,,
19-Apr-17,Tomato,6000,6500,6250,,,,
20-Apr-17,Tomato,7000,7500,7250,,,,
21-Apr-17,Tomato,6000,6500,6250,,,,
22-Apr-17,Tomato,7000,7500,7250,,,,
23-Apr-17,Tomato,7000,8000,7500,,,,
24-Apr-17,Tomato,7500,8000,7750,,,,
25-Apr-17,Tomato,7500,8000,7750,,,,
26-Apr-17,Tomato,7500,8000,7750,,,,
27-Apr-17,Tomato,7000,7500,7250,,,,
28-Apr-17,Tomato,7000,7500,7250,,,,
29-Apr-17,Tomato,6500,7000,6750,,,,
30-Apr-17,Tomato,5000,5500,5250,,,,
01-May-17,Tomato,5000,5500,5250,,,,
02-May-17,Tomato,5000,5500,5250,,,,
03-May-17,Tomato,4000,4500,4250,,,,
04-May-17,Tomato,3800,4300,4050,,,,
05-May-17,Tomato,3800,4300,4050,,,,
06-May-17,Tomato,3500,4000,3750,,,,
07-May-17,Tomato,3500,4000,3750,,,,
08-May-17,Tomato,3000,3500,3250,,,,
09-May-17,Tomato,3000,3500,3250,,,,
10-May-17,Tomato,3200,3500,3350,,,,
11-May-17,Tomato,4500,5000,4750,,,,
12-May-17,Tomato,4500,5000,4750,,,,
13-May-17,Tomato,4500,5000,4750,,,,
14-May-17,Tomato,4500,5000,4750,,,,
15-May-17,Tomato,4500,5000,4750,,,,
16-May-17,Tomato,4500,5000,4750,,,,
17-May-17,Tomato,4500,5000,4750,,,,
18-May-17,Tomato,4500,5000,4750,,,,
19-May-17,Tomato,3500,4000,3750,,,,
20-May-17,Tomato,3500,4000,3750,,,,
21-May-17,Tomato,3500,4000,3750,,,,
22-May-17,Tomato,3500,4500,4000,,,,
23-May-17,Tomato,3500,4000,3750,,,,
24-May-17,Tomato,3500,4000,3750,,,,
25-May-17,Tomato,4000,4500,4250,,,,
26-May-17,Tomato,4500,5000,4750,,,,
27-May-17,Tomato,6000,7000,6500,,,,
28-May-17,Tomato,6500,7500,7000,,,,
29-May-17,Tomato,7000,8000,7500,,,,
30-May-17,Tomato,6000,6500,6250,,,,
31-May-17,Tomato,5500,6500,6000,,,,
01-Jun-17,Tomato,5500,6000,5750,,,,
02-Jun-17,Tomato,5500,6000,5750,,,,
03-Jun-17,Tomato,5500,6500,6000,,,,
04-Jun-17,Tomato,5000,5500,5250,,,,
05-Jun-17,Tomato,4500,5000,4750,,,,
06-Jun-17,Tomato,3500,4000,3750,,,,
07-Jun-17,Tomato,2500,3000,2750,,,,
08-Jun-17,Tomato,2000,2500,2250,,,,
09-Jun-17,Tomato,2000,2500,2250,,,,
10-Jun-17,Tomato,2000,2500,2250,,,,
11-Jun-17,Tomato,2300,2600,2450,,,,
12-Jun-17,Tomato,2300,2600,2450,,,,
13-Jun-17,Tomato,3000,3500,3250,,,,
14-Jun-17,Tomato,4500,5500,5000,,,,
15-Jun-17,Tomato,4800,5500,5150,,,,
16-Jun-17,Tomato,5800,6500,6150,,,,
17-Jun-17,Tomato,5500,6000,5750,,,,
18-Jun-17,Tomato,5500,6000,5750,,,,
19-Jun-17,Tomato,6500,7000,6750,,,,
20-Jun-17,Tomato,5200,6000,5600,,,,
21-Jun-17,Tomato,5000,5500,5250,,,,
22-Jun-17,Tomato,4500,5500,5000,,,,
23-Jun-17,Tomato,5500,6000,5750,,,,
24-Jun-17,Tomato,5500,6000,5750,,,,
25-Jun-17,Tomato,4500,5000,4750,,,,
26-Jun-17,Tomato,6500,7000,6750,,,,
27-Jun-17,Tomato,7500,8000,7750,,,,
28-Jun-17,Tomato,5800,6200,6000,,,,
29-Jun-17,Tomato,5300,5800,5550,,,,
30-Jun-17,Tomato,4500,5000,4750,,,,
01-Jul-17,Tomato,4500,5000,4750,,,,
02-Jul-17,Tomato,7000,7500,7250,,,,
03-Jul-17,Tomato,7000,7500,7250,,,,
04-Jul-17,Tomato,6500,7000,6750,,,,
05-Jul-17,Tomato,7000,7500,7250,,,,
06-Jul-17,Tomato,7000,7500,7250,,,,
07-Jul-17,Tomato,9500,10000,9750,,,,
08-Jul-17,Tomato,9000,9500,9250,,,,
09-Jul-17,Tomato,8500,9000,8750,,,,
10-Jul-17,Tomato,7000,7800,7400,,,,
11-Jul-17,Tomato,8000,8500,8250,,,,
12-Jul-17,Tomato,7000,7500,7250,,,,
13-Jul-17,Tomato,7500,8000,7750,,,,
14-Jul-17,Tomato,8000,8500,8250,,,,
15-Jul-17,Tomato,7500,8000,7750,,,,
16-Jul-17,Tomato,7500,8000,7750,,,,
17-Jul-17,Tomato,6800,7300,7050,,,,
18-Jul-17,Tomato,7500,8000,7750,,,,
19-Jul-17,Tomato,6500,7000,6750,,,,
20-Jul-17,Tomato,7500,8000,7750,,,,
21-Jul-17,Tomato,7000,7500,7250,,,,
22-Jul-17,Tomato,6000,6500,6250,,,,
23-Jul-17,Tomato,6000,6500,6250,,,,
24-Jul-17,Tomato,6500,7000,6750,,,,
25-Jul-17,Tomato,5000,6000,5500,,,,
26-Jul-17,Tomato,4500,5000,4750,,,,
27-Jul-17,Tomato,4500,5000,4750,,,,
28-Jul-17,Tomato,5000,5500,5250,,,,
29-Jul-17,Tomato,5500,6000,5750,,,,
30-Jul-17,Tomato,6000,6500,6250,,,,
31-Jul-17,Tomato,5200,5800,5500,,,,
01-Aug-17,Tomato,5500,6000,5750,,,,
02-Aug-17,Tomato,6500,7000,6750,,,,
03-Aug-17,Tomato,6000,6500,6250,,,,
04-Aug-17,Tomato,5000,5500,5250,,,,
05-Aug-17,Tomato,5500,6000,5750,,,,
06-Aug-17,Tomato,5500,6000,5750,,,,
07-Aug-17,Tomato,5500,6000,5750,,,,
08-Aug-17,Tomato,6000,7000,6500,,,,
09-Aug-17,Tomato,7000,7500,7250,,,,
10-Aug-17,Tomato,8000,8500,8250,,,,
11-Aug-17,Tomato,7000,7500,7250,,,,
12-Aug-17,Tomato,7500,8000,7750,,,,
13-Aug-17,Tomato,7500,8000,7750,,,,
14-Aug-17,Tomato,6500,7000,6750,,,,
15-Aug-17,Tomato,6500,7000,6750,,,,
16-Aug-17,Tomato,6500,7000,6750,,,,
17-Aug-17,Tomato,5500,6000,5750,,,,
18-Aug-17,Tomato,4500,5000,4750,,,,
19-Aug-17,Tomato,4000,4500,4250,,,,
20-Aug-17,Tomato,3500,4000,3750,,,,
21-Aug-17,Tomato,3500,4000,3750,,,,
22-Aug-17,Tomato,3000,3500,3250,,,,
23-Aug-17,Tomato,2500,3000,2750,,,,
24-Aug-17,Tomato,2500,3000,2750,,,,
25-Aug-17,Tomato,2500,3000,2750,,,,
26-Aug-17,Tomato,2500,3000,2750,,,,
27-Aug-17,Tomato,2000,2500,2250,,,,
28-Aug-17,Tomato,2000,2500,2250,,,,
29-Aug-17,Tomato,2000,2500,2250,,,,
30-Aug-17,Tomato,2000,2500,2250,,,,
31-Aug-17,Tomato,2500,3000,2750,,,,
01-Sep-17,Tomato,2500,3000,2750,,,,
02-Sep-17,Tomato,2500,3000,2750,,,,
03-Sep-17,Tomato,3000,3500,3250,,,,
04-Sep-17,Tomato,3500,4000,3750,,,,
05-Sep-17,Tomato,2500,3000,2750,,,,
06-Sep-17,Tomato,3000,3500,3250,,,,
07-Sep-17,Tomato,3000,3500,3250,,,,
08-Sep-17,Tomato,3000,3500,3250,,,,
09-Sep-17,Tomato,3000,3500,3250,,,,
10-Sep-17,Tomato,4000,4500,4250,,,,
11-Sep-17,Tomato,4500,5000,4750,,,,
12-Sep-17,Tomato,4500,5000,4750,,,,
13-Sep-17,Tomato,3500,4000,3750,,,,
14-Sep-17,Tomato,4000,4500,4250,,,,
15-Sep-17,Tomato,3500,4000,3750,,,,
16-Sep-17,Tomato,3500,4000,3750,,,,
17-Sep-17,Tomato,3800,4300,4050,,,,
18-Sep-17,Tomato,3000,3500,3250,,,,
19-Sep-17,Tomato,2500,3000,2750,,,,
20-Sep-17,Tomato,2000,2500,2250,,,,
21-Sep-17,Tomato,2000,2500,2250,,,,
22-Sep-17,Tomato,2000,2500,2250,,,,
23-Sep-17,Tomato,1800,2000,1900,,,,
24-Sep-17,Tomato,1500,2000,1750,,,,
25-Sep-17,Tomato,1600,2000,1800,,,,
26-Sep-17,Tomato,1500,2000,1750,,,,
27-Sep-17,Tomato,1500,2000,1750,,,,
28-Sep-17,Tomato,1500,2000,1750,,,,
29-Sep-17,Tomato,1500,2000,1750,,,,
30-Sep-17,Tomato,1200,1500,1350,,,,
01-Oct-17,Tomato,1200,1600,1400,,,,
02-Oct-17,Tomato,2000,2500,2250,,,,
03-Oct-17,Tomato,2500,3000,2750,,,,
04-Oct-17,Tomato,2500,3000,2750,,,,
05-Oct-17,Tomato,1800,2000,1900,,,,
06-Oct-17,Tomato,1800,2000,1900,,,,
07-Oct-17,Tomato,1800,2200,2000,,,,
08-Oct-17,Tomato,1800,2000,1900,,,,
09-Oct-17,Tomato,1500,2000,1750,,,,
10-Oct-17,Tomato,1500,2000,1750,,,,
11-Oct-17,Tomato,1500,2000,1750,,,,
12-Oct-17,Tomato,2000,2500,2250,,,,
13-Oct-17,Tomato,2000,2500,2250,,,,
14-Oct-17,Tomato,2500,3000,2750,,,,
15-Oct-17,Tomato,2000,2500,2250,,,,
16-Oct-17,Tomato,2500,3000,2750,,,,
17-Oct-17,Tomato,2500,2800,2650,,,,
18-Oct-17,Tomato,2500,3000,2750,,,,
19-Oct-17,Tomato,2500,3000,2750,,,,
20-Oct-17,Tomato,2000,2500,2250,,,,
21-Oct-17,Tomato,2000,2500,2250,,,,
22-Oct-17,Tomato,2000,2500,2250,,,,
23-Oct-17,Tomato,2500,3000,2750,,,,
24-Oct-17,Tomato,3000,3500,3250,,,,
25-Oct-17,Tomato,3000,3500,3250,,,,
26-Oct-17,Tomato,3000,3500,3250,,,,
27-Oct-17,Tomato,3500,4000,3750,,,,
28-Oct-17,Tomato,3300,3600,3450,,,,
29-Oct-17,Tomato,3000,3500,3250,,,,
30-Oct-17,Tomato,3000,3500,3250,,,,
31-Oct-17,Tomato,3300,3600,3450,,,,
01-Nov-17,Tomato,3000,3500,3250,,,,
02-Nov-17,Tomato,3000,3500,3250,,,,
03-Nov-17,Tomato,3000,3500,3250,,,,
04-Nov-17,Tomato,4000,5000,4500,,,,
05-Nov-17,Tomato,2500,3000,2750,,,,
06-Nov-17,Tomato,2500,3000,2750,,,,
07-Nov-17,Tomato,2500,3000,2750,,,,
08-Nov-17,Tomato,2500,3000,2750,,,,
09-Nov-17,Tomato,2500,3000,2750,,,,
10-Nov-17,Tomato,2500,3000,2750,,,,
11-Nov-17,Tomato,2500,3000,2750,,,,
12-Nov-17,Tomato,4500,5000,4750,,,,
13-Nov-17,Tomato,5000,5500,5250,,,,
14-Nov-17,Tomato,5000,5500,5250,,,,
15-Nov-17,Tomato,5000,5500,5250,,,,
16-Nov-17,Tomato,5000,5500,5250,,,,
17-Nov-17,Tomato,5000,5500,5250,,,,
18-Nov-17,Tomato,4000,4800,4400,,,,
19-Nov-17,Tomato,4000,4500,4250,,,,
20-Nov-17,Tomato,3000,3500,3250,,,,
21-Nov-17,Tomato,3000,3500,3250,,,,
22-Nov-17,Tomato,3000,3500,3250,,,,
23-Nov-17,Tomato,3000,3500,3250,,,,
24-Nov-17,Tomato,3000,3500,3250,,,,
25-Nov-17,Tomato,3000,3500,3250,,,,
26-Nov-17,Tomato,3500,4000,3750,,,,
27-Nov-17,Tomato,4000,4500,4250,,,,
28-Nov-17,Tomato,4000,4500,4250,,,,
29-Nov-17,Tomato,3500,4000,3750,,,,
30-Nov-17,Tomato,3500,4000,3750,,,,
01-Dec-17,Tomato,3000,3500,3250,,,,
02-Dec-17,Tomato,2400,3000,2700,,,,
03-Dec-17,Tomato,2800,3300,3050,,,,
04-Dec-17,Tomato,2500,3000,2750,,,,
05-Dec-17,Tomato,2500,3000,2750,,,,
06-Dec-17,Tomato,2300,2600,2450,,,,
07-Dec-17,Tomato,2800,3300,3050,,,,
08-Dec-17,Tomato,3500,4000,3750,,,,
09-Dec-17,Tomato,3000,3500,3250,,,,
10-Dec-17,Tomato,3500,4000,3750,,,,
11-Dec-17,Tomato,2800,3300,3050,,,,
12-Dec-17,Tomato,2500,3000,2750,,,,
13-Dec-17,Tomato,2000,2500,2250,,,,
14-Dec-17,Tomato,2000,2500,2250,,,,
15-Dec-17,Tomato,2500,3000,2750,,,,
16-Dec-17,Tomato,2600,3300,2950,,,,
17-Dec-17,Tomato,2800,3300,3050,,,,
18-Dec-17,Tomato,2000,2500,2250,,,,
19-Dec-17,Tomato,2000,2500,2250,,,,
20-Dec-17,Tomato,2000,2500,2250,,,,
21-Dec-17,Tomato,2000,2500,2250,,,,
22-Dec-17,Tomato,2000,2500,2250,,,,
23-Dec-17,Tomato,2200,2600,2400,,,,
24-Dec-17,Tomato,2000,2500,2250,,,,
25-Dec-17,Tomato,2500,3000,2750,,,,
26-Dec-17,Tomato,2500,3000,2750,,,,
27-Dec-17,Tomato,3000,3500,3250,,,,
28-Dec-17,Tomato,2500,3000,2750,,,,
29-Dec-17,Tomato,2500,3000,2750,,,,
30-Dec-17,Tomato,2000,2500,2250,,,,
31-Dec-17,Tomato,2000,2500,2250,,,,
01-Jan-18,Tomato,2000,2500,2250,,,,
02-Jan-18,Tomato,2000,2500,2250,,,,
03-Jan-18,Tomato,2000,2500,2250,,,,
04-Jan-18,Tomato,2000,2500,2250,,,,
05-Jan-18,Tomato,2000,2500,2250,,,,
06-Jan-18,Tomato,2000,2500,2250,,,,
07-Jan-18,Tomato,4000,4500,4250,,,,
08-Jan-18,Tomato,4000,4500,4250,,,,
09-Jan-18,Tomato,4000,4500,4250,,,,
10-Jan-18,Tomato,3500,4000,3750,,,,
11-Jan-18,Tomato,3500,4000,3750,,,,
12-Jan-18,Tomato,2500,3000,2750,,,,
13-Jan-18,Tomato,2000,2500,2250,,,,
14-Jan-18,Tomato,2500,3000,2750,,,,
15-Jan-18,Tomato,2500,3000,2750,,,,
16-Jan-18,Tomato,2500,3000,2750,,,,
17-Jan-18,Tomato,2500,3000,2750,,,,
18-Jan-18,Tomato,4000,4500,4250,,,,
19-Jan-18,Tomato,4000,4500,4250,,,,
20-Jan-18,Tomato,3500,4000,3750,,,,
21-Jan-18,Tomato,3500,4000,3750,,,,
22-Jan-18,Tomato,4000,4500,4250,,,,
23-Jan-18,Tomato,4000,4500,4250,,,,
24-Jan-18,Tomato,4400,5000,4700,,,,
25-Jan-18,Tomato,4000,4500,4250,,,,
26-Jan-18,Tomato,3500,4000,3750,,,,
27-Jan-18,Tomato,3000,3500,3250,,,,
28-Jan-18,Tomato,4000,4500,4250,,,,
29-Jan-18,Tomato,3500,4000,3750,,,,
30-Jan-18,Tomato,3500,4000,3750,,,,
31-Jan-18,Tomato,3500,4000,3750,,,,
01-Feb-18,Tomato,3500,4000,3750,,,,
02-Feb-18,Tomato,3500,4000,3750,,,,
03-Feb-18,Tomato,4000,4800,4400,,,,
04-Feb-18,Tomato,4000,4500,4250,,,,
05-Feb-18,Tomato,4000,4500,4250,,,,
06-Feb-18,Tomato,4000,4500,4250,,,,
07-Feb-18,Tomato,3000,3800,3400,,,,
08-Feb-18,Tomato,3000,3500,3250,,,,
09-Feb-18,Tomato,3000,3500,3250,,,,
10-Feb-18,Tomato,3500,4000,3750,,,,
11-Feb-18,Tomato,3000,3500,3250,,,,
12-Feb-18,Tomato,3500,4000,3750,,,,
13-Feb-18,Tomato,2500,3000,2750,,,,
14-Feb-18,Tomato,3000,3800,3400,,,,
15-Feb-18,Tomato,3500,4000,3750,,,,
16-Feb-18,Tomato,4500,5000,4750,,,,
17-Feb-18,Tomato,4000,4500,4250,,,,
18-Feb-18,Tomato,3000,3500,3250,,,,
19-Feb-18,Tomato,3500,4000,3750,,,,
20-Feb-18,Tomato,3000,3500,3250,,,,
21-Feb-18,Tomato,2800,3300,3050,,,,
22-Feb-18,Tomato,2000,2500,2250,,,,
23-Feb-18,Tomato,1800,2000,1900,,,,
24-Feb-18,Tomato,1800,2000,1900,,,,
25-Feb-18,Tomato,1800,2200,2000,,,,
26-Feb-18,Tomato,1500,2000,1750,,,,
27-Feb-18,Tomato,1800,2200,2000,,,,
28-Feb-18,Tomato,1800,2000,1900,,,,
01-Mar-18,Tomato,1800,2000,1900,,,,
02-Mar-18,Tomato,1500,2000,1750,,,,
03-Mar-18,Tomato,2000,2500,2250,,,,
04-Mar-18,Tomato,1800,2000,1900,,,,
05-Mar-18,Tomato,2500,3000,2750,,,,
06-Mar-18,Tomato,2500,3000,2750,,,,
07-Mar-18,Tomato,2500,3000,2750,,,,
08-Mar-18,Tomato,1800,2200,2000,,,,
09-Mar-18,Tomato,1500,2000,1750,,,,
10-Mar-18,Tomato,1500,2000,1750,,,,
11-Mar-18,Tomato,1200,1700,1450,,,,
12-Mar-18,Tomato,1500,2000,1750,,,,
13-Mar-18,Tomato,2000,2500,2250,,,,
14-Mar-18,Tomato,2000,2500,2250,,,,
15-Mar-18,Tomato,2000,2500,2250,,,,
16-Mar-18,Tomato,1500,2000,1750,,,,
17-Mar-18,Tomato,1500,2000,1750,,,,
18-Mar-18,Tomato,1500,2000,1750,,,,
19-Mar-18,Tomato,1500,2000,1750,,,,
20-Mar-18,Tomato,1500,2000,1750,,,,
21-Mar-18,Tomato,1500,2000,1750,,,,
22-Mar-18,Tomato,1500,2000,1750,,,,
23-Mar-18,Tomato,1500,2000,1750,,,,
24-Mar-18,Tomato,1800,2500,2150,,,,
25-Mar-18,Tomato,1900,2300,2100,,,,
26-Mar-18,Tomato,2000,2500,2250,,,,
27-Mar-18,Tomato,2500,3000,2750,,,,
28-Mar-18,Tomato,2000,2500,2250,,,,
29-Mar-18,Tomato,2000,2500,2250,,,,
30-Mar-18,Tomato,2000,2500,2250,,,,
31-Mar-18,Tomato,2000,2500,2250,,,,
01-Apr-18,Tomato,2500,3000,2750,,,,
02-Apr-18,Tomato,3300,3600,3450,,,,
03-Apr-18,Tomato,3000,3500,3250,,,,
04-Apr-18,Tomato,3300,3500,3400,,,,
05-Apr-18,Tomato,3500,4000,3750,,,,
06-Apr-18,Tomato,4300,4700,4500,,,,
07-Apr-18,Tomato,4500,5000,4750,,,,
08-Apr-18,Tomato,3800,4000,3900,,,,
09-Apr-18,Tomato,3300,3600,3450,,,,
10-Apr-18,Tomato,3000,3500,3250,,,,
11-Apr-18,Tomato,3000,3500,3250,,,,
12-Apr-18,Tomato,2500,3000,2750,,,,
13-Apr-18,Tomato,2000,2500,2250,,,,
14-Apr-18,Tomato,2500,3000,2750,,,,
15-Apr-18,Tomato,2000,2500,2250,,,,
16-Apr-18,Tomato,2500,3000,2750,,,,
17-Apr-18,Tomato,2500,3000,2750,,,,
18-Apr-18,Tomato,2500,3000,2750,,,,
19-Apr-18,Tomato,2000,2500,2250,,,,
20-Apr-18,Tomato,2000,2500,2250,,,,
21-Apr-18,Tomato,2000,2500,2250,,,,
22-Apr-18,Tomato,1500,2000,1750,,,,
23-Apr-18,Tomato,1800,2500,2150,,,,
24-Apr-18,Tomato,2000,2500,2250,,,,
25-Apr-18,Tomato,2500,3000,2750,,,,
26-Apr-18,Tomato,3000,3500,3250,,,,
27-Apr-18,Tomato,3300,3600,3450,,,,
28-Apr-18,Tomato,3500,4000,3750,,,,
29-Apr-18,Tomato,4000,4500,4250,,,,
30-Apr-18,Tomato,4300,4700,4500,,,,
01-May-18,Tomato,4000,4500,4250,,,,
02-May-18,Tomato,4000,4700,4350,,,,
03-May-18,Tomato,4000,4500,4250,,,,
04-May-18,Tomato,4000,4500,4250,,,,
05-May-18,Tomato,4500,5000,4750,,,,
06-May-18,Tomato,4500,5000,4750,,,,
07-May-18,Tomato,5000,5300,5150,,,,
08-May-18,Tomato,4500,5000,4750,,,,
09-May-18,Tomato,3500,4000,3750,,,,
10-May-18,Tomato,3500,4000,3750,,,,
11-May-18,Tomato,3000,3500,3250,,,,
12-May-18,Tomato,3000,3500,3250,,,,
13-May-18,Tomato,3000,3400,3200,,,,
14-May-18,Tomato,3000,3500,3250,,,,
15-May-18,Tomato,5000,5500,5250,,,,
16-May-18,Tomato,4500,5000,4750,,,,
17-May-18,Tomato,4500,5000,4750,,,,
18-May-18,Tomato,4000,4500,4250,,,,
19-May-18,Tomato,4300,4800,4550,,,,
20-May-18,Tomato,4800,5200,5000,,,,
21-May-18,Tomato,4000,4500,4250,,,,
22-May-18,Tomato,4000,4500,4250,,,,
23-May-18,Tomato,3800,4300,4050,,,,
24-May-18,Tomato,3500,4000,3750,,,,
25-May-18,Tomato,3500,4300,3900,,,,
26-May-18,Tomato,4000,4500,4250,,,,
27-May-18,Tomato,4500,5000,4750,,,,
28-May-18,Tomato,4300,4800,4550,,,,
29-May-18,Tomato,4600,5200,4900,,,,
30-May-18,Tomato,4800,5300,5050,,,,
31-May-18,Tomato,5000,5500,5250,,,,
01-Jun-18,Tomato,5800,6600,6200,,,,
02-Jun-18,Tomato,6000,6700,6350,,,,
03-Jun-18,Tomato,7000,8000,7500,,,,
04-Jun-18,Tomato,6000,7000,6500,,,,
05-Jun-18,Tomato,6000,6800,6400,,,,
06-Jun-18,Tomato,6500,7000,6750,,,,
07-Jun-18,Tomato,6000,7000,6500,,,,
08-Jun-18,Tomato,6000,7000,6500,,,,
09-Jun-18,Tomato,6000,6500,6250,,,,
10-Jun-18,Tomato,6000,7000,6500,,,,
11-Jun-18,Tomato,6500,7000,6750,,,,
12-Jun-18,Tomato,4500,5200,4850,,,,
13-Jun-18,Tomato,4500,5200,4850,,,,
14-Jun-18,Tomato,4500,5200,4850,,,,
15-Jun-18,Tomato,5000,5800,5400,,,,
16-Jun-18,Tomato,4000,4800,4400,,,,
17-Jun-18,Tomato,3500,4000,3750,,,,
18-Jun-18,Tomato,2000,3000,2500,,,,
19-Jun-18,Tomato,2000,2500,2250,,,,
20-Jun-18,Tomato,2000,2500,2250,,,,
21-Jun-18,Tomato,2500,3000,2750,,,,
22-Jun-18,Tomato,2500,3000,2750,,,,
23-Jun-18,Tomato,2500,3000,2750,,,,
24-Jun-18,Tomato,2500,3000,2750,,,,
25-Jun-18,Tomato,3400,3800,3600,,,,
26-Jun-18,Tomato,3000,3500,3250,,,,
27-Jun-18,Tomato,3500,4500,4000,,,,
28-Jun-18,Tomato,3500,4500,4000,,,,
29-Jun-18,Tomato,3500,4000,3750,,,,
30-Jun-18,Tomato,2500,3000,2750,,,,
01-Jul-18,Tomato,2500,3000,2750,,,,
02-Jul-18,Tomato,2500,3000,2750,,,,
03-Jul-18,Tomato,2200,2800,2500,,,,
04-Jul-18,Tomato,2200,2800,2500,,,,
05-Jul-18,Tomato,2000,2500,2250,,,,
06-Jul-18,Tomato,2000,2500,2250,,,,
07-Jul-18,Tomato,2000,2500,2250,,,,
08-Jul-18,Tomato,1800,2400,2100,,,,
09-Jul-18,Tomato,2000,2800,2400,,,,
10-Jul-18,Tomato,2000,2500,2250,,,,
11-Jul-18,Tomato,2000,2500,2250,,,,
12-Jul-18,Tomato,1500,2000,1750,,,,
13-Jul-18,Tomato,1200,2000,1600,,,,
14-Jul-18,Tomato,1700,2500,2100,,,,
15-Jul-18,Tomato,1500,2500,2000,,,,
16-Jul-18,Tomato,1500,2500,2000,,,,
17-Jul-18,Tomato,1800,2500,2150,,,,
18-Jul-18,Tomato,1800,2500,2150,,,,
19-Jul-18,Tomato,2000,2500,2250,,,,
20-Jul-18,Tomato,1800,2500,2150,,,,
21-Jul-18,Tomato,1800,2000,1900,,,,
22-Jul-18,Tomato,1800,2500,2150,,,,
23-Jul-18,Tomato,1600,2200,1900,,,,
24-Jul-18,Tomato,1600,2200,1900,,,,
25-Jul-18,Tomato,1600,2400,2000,,,,
26-Jul-18,Tomato,2000,2800,2400,,,,
27-Jul-18,Tomato,1800,2400,2100,,,,
28-Jul-18,Tomato,1500,2000,1750,,,,
29-Jul-18,Tomato,2000,2500,2250,,,,
30-Jul-18,Tomato,2000,3000,2500,,,,
31-Jul-18,Tomato,2000,2500,2250,,,,
01-Aug-18,Tomato,1500,2000,1750,,,,
02-Aug-18,Tomato,1200,2000,1600,,,,
03-Aug-18,Tomato,1500,2500,2000,,,,
04-Aug-18,Tomato,1800,2400,2100,,,,
05-Aug-18,Tomato,1500,2500,2000,,,,
06-Aug-18,Tomato,2000,2500,2250,,,,
07-Aug-18,Tomato,1500,2500,2000,,,,
08-Aug-18,Tomato,2000,2500,2250,,,,
09-Aug-18,Tomato,1500,2500,2000,,,,
10-Aug-18,Tomato,2000,2500,2250,,,,
11-Aug-18,Tomato,2000,2500,2250,,,,
12-Aug-18,Tomato,2000,2500,2250,,,,
13-Aug-18,Tomato,1800,2500,2150,,,,
14-Aug-18,Tomato,1500,2500,2000,,,,
15-Aug-18,Tomato,1500,2000,1750,,,,
16-Aug-18,Tomato,1500,2000,1750,,,,
17-Aug-18,Tomato,1000,2000,1500,,,,
18-Aug-18,Tomato,1800,2200,2000,,,,
19-Aug-18,Tomato,1500,2000,1750,,,,
20-Aug-18,Tomato,1500,2000,1750,,,,
21-Aug-18,Tomato,1800,2200,2000,,,,
22-Aug-18,Tomato,1500,2000,1750,,,,
23-Aug-18,Tomato,1500,2000,1750,,,,
24-Aug-18,Tomato,1500,2000,1750,,,,
25-Aug-18,Tomato,1500,2000,1750,,,,
26-Aug-18,Tomato,1500,2000,1750,,,,
27-Aug-18,Tomato,2000,3000,2500,,,,
28-Aug-18,Tomato,2000,2500,2250,,,,
29-Aug-18,Tomato,2000,2500,2250,,,,
30-Aug-18,Tomato,2000,2500,2250,,,,
31-Aug-18,Tomato,2000,2500,2250,,,,
01-Sep-18,Tomato,2200,2800,2500,,,,
02-Sep-18,Tomato,3000,3500,3250,,,,
03-Sep-18,Tomato,3000,3500,3250,,,,
04-Sep-18,Tomato,3000,3500,3250,,,,
05-Sep-18,Tomato,3000,3500,3250,,,,
06-Sep-18,Tomato,3000,3500,3250,,,,
07-Sep-18,Tomato,3000,3500,3250,,,,
08-Sep-18,Tomato,2800,3000,2900,,,,
09-Sep-18,Tomato,3000,3500,3250,,,,
10-Sep-18,Tomato,2000,3000,2500,,,,
11-Sep-18,Tomato,3000,3500,3250,,,,
12-Sep-18,Tomato,2500,3000,2750,,,,
13-Sep-18,Tomato,2200,2800,2500,,,,
14-Sep-18,Tomato,2500,3000,2750,,,,
15-Sep-18,Tomato,2000,2500,2250,,,,
16-Sep-18,Tomato,2000,2500,2250,,,,
17-Sep-18,Tomato,2000,2500,2250,,,,
18-Sep-18,Tomato,2000,2500,2250,,,,
19-Sep-18,Tomato,1800,2200,2000,,,,
20-Sep-18,Tomato,1500,2000,1750,,,,
21-Sep-18,Tomato,1500,2000,1750,,,,
22-Sep-18,Tomato,1800,2400,2100,,,,
23-Sep-18,Tomato,1500,2000,1750,,,,
24-Sep-18,Tomato,1500,2000,1750,,,,
25-Sep-18,Tomato,2000,2500,2250,,,,
26-Sep-18,Tomato,2000,2500,2250,,,,
27-Sep-18,Tomato,2000,2500,2250,,,,
28-Sep-18,Tomato,2000,2500,2250,,,,
29-Sep-18,Tomato,2000,2500,2250,,,,
30-Sep-18,Tomato,1500,2000,1750,,,,
01-Oct-18,Tomato,1500,2000,1750,,,,
02-Oct-18,Tomato,1500,2000,1750,,,,
03-Oct-18,Tomato,1500,2000,1750,,,,
04-Oct-18,Tomato,1500,2000,1750,,,,
05-Oct-18,Tomato,2000,2500,2250,,,,
06-Oct-18,Tomato,2500,3000,2750,,,,
07-Oct-18,Tomato,3000,3500,3250,,,,
08-Oct-18,Tomato,3500,4000,3750,,,,
09-Oct-18,Tomato,2500,3500,3000,,,,
10-Oct-18,Tomato,2000,2500,2250,,,,
11-Oct-18,Tomato,2000,2500,2250,,,,
12-Oct-18,Tomato,2500,3000,2750,,,,
13-Oct-18,Tomato,2500,3000,2750,,,,
14-Oct-18,Tomato,2000,2500,2250,,,,
15-Oct-18,Tomato,2000,2500,2250,,,,
16-Oct-18,Tomato,2300,3000,2650,,,,
17-Oct-18,Tomato,2500,3000,2750,,,,
18-Oct-18,Tomato,3000,3500,3250,,,,
19-Oct-18,Tomato,3000,3500,3250,,,,
20-Oct-18,Tomato,3000,3500,3250,,,,
21-Oct-18,Tomato,3000,3500,3250,,,,
22-Oct-18,Tomato,3000,3500,3250,,,,
23-Oct-18,Tomato,3000,3500,3250,,,,
24-Oct-18,Tomato,3000,3500,3250,,,,
25-Oct-18,Tomato,3000,3500,3250,,,,
26-Oct-18,Tomato,3000,3500,3250,,,,
27-Oct-18,Tomato,3500,4000,3750,,,,
28-Oct-18,Tomato,3500,4000,3750,,,,
29-Oct-18,Tomato,3500,4000,3750,,,,
30-Oct-18,Tomato,3500,4000,3750,,,,
31-Oct-18,Tomato,4000,4500,4250,,,,
01-Nov-18,Tomato,4000,4500,4250,,,,
02-Nov-18,Tomato,4000,4500,4250,,,,
03-Nov-18,Tomato,4000,4500,4250,,,,
04-Nov-18,Tomato,4000,4500,4250,,,,
05-Nov-18,Tomato,4000,4500,4250,,,,
06-Nov-18,Tomato,4000,4500,4250,,,,
07-Nov-18,Tomato,4000,4500,4250,,,,
08-Nov-18,Tomato,5500,6000,5750,,,,
09-Nov-18,Tomato,5500,6000,5750,,,,
10-Nov-18,Tomato,5000,5500,5250,,,,
11-Nov-18,Tomato,5000,5500,5250,,,,
12-Nov-18,Tomato,5000,5500,5250,,,,
13-Nov-18,Tomato,5000,5500,5250,,,,
14-Nov-18,Tomato,5000,5500,5250,,,,
15-Nov-18,Tomato,4500,5000,4750,,,,
16-Nov-18,Tomato,5500,6000,5750,,,,
17-Nov-18,Tomato,5500,6000,5750,,,,
18-Nov-18,Tomato,5500,6000,5750,,,,
19-Nov-18,Tomato,5500,6000,5750,,,,
20-Nov-18,Tomato,4500,5000,4750,,,,
21-Nov-18,Tomato,4500,5000,4750,,,,
22-Nov-18,Tomato,3500,4000,3750,,,,
23-Nov-18,Tomato,3500,4000,3750,,,,
24-Nov-18,Tomato,2800,3300,3050,,,,
25-Nov-18,Tomato,2500,3000,2750,,,,
26-Nov-18,Tomato,2500,3000,2750,,,,
27-Nov-18,Tomato,3000,3500,3250,,,,
28-Nov-18,Tomato,4000,4500,4250,,,,
29-Nov-18,Tomato,3500,4000,3750,,,,
30-Nov-18,Tomato,3500,4000,3750,,,,
01-Dec-18,Tomato,3500,4000,3750,,,,
02-Dec-18,Tomato,3500,4000,3750,,,,
03-Dec-18,Tomato,3500,4000,3750,,,,
04-Dec-18,Tomato,3500,4000,3750,,,,
05-Dec-18,Tomato,3000,3500,3250,,,,
06-Dec-18,Tomato,3000,3500,3250,,,,
07-Dec-18,Tomato,3200,3800,3500,,,,
08-Dec-18,Tomato,3000,3500,3250,,,,
09-Dec-18,Tomato,3500,4000,3750,,,,
10-Dec-18,Tomato,3000,3500,3250,,,,
11-Dec-18,Tomato,3000,3500,3250,,,,
12-Dec-18,Tomato,3500,4000,3750,,,,
13-Dec-18,Tomato,3500,4000,3750,,,,
14-Dec-18,Tomato,4000,4500,4250,,,,
15-Dec-18,Tomato,4000,4500,4250,,,,
16-Dec-18,Tomato,4000,4500,4250,,,,
17-Dec-18,Tomato,4000,4500,4250,,,,
18-Dec-18,Tomato,3800,4300,4050,,,,
19-Dec-18,Tomato,3800,4200,4000,,,,
20-Dec-18,Tomato,3800,4000,3900,,,,
21-Dec-18,Tomato,4000,4500,4250,,,,
22-Dec-18,Tomato,4500,5000,4750,,,,
23-Dec-18,Tomato,5500,6000,5750,,,,
24-Dec-18,Tomato,7000,7500,7250,,,,
25-Dec-18,Tomato,7000,7500,7250,,,,
26-Dec-18,Tomato,6500,7000,6750,,,,
27-Dec-18,Tomato,6000,6500,6250,,,,
28-Dec-18,Tomato,6000,6500,6250,,,,
29-Dec-18,Tomato,6500,7000,6750,,,,
30-Dec-18,Tomato,6500,7000,6750,,,,
31-Dec-18,Tomato,6000,6500,6250,,,,
01-Jan-19,Tomato,6500,7000,6750,,,,
02-Jan-19,Tomato,6000,6500,6250,,,,
03-Jan-19,Tomato,6500,7000,6750,,,,
04-Jan-19,Tomato,7500,8000,7750,,,,
05-Jan-19,Tomato,8500,9000,8750,,,,
06-Jan-19,Tomato,8500,9000,8750,,,,
07-Jan-19,Tomato,8500,9000,8750,,,,
08-Jan-19,Tomato,9500,10000,9750,,,,
09-Jan-19,Tomato,7500,8000,7750,,,,
10-Jan-19,Tomato,7500,8000,7750,,,,
11-Jan-19,Tomato,7500,8000,7750,,,,
12-Jan-19,Tomato,7500,8000,7750,,,,
13-Jan-19,Tomato,7500,8000,7750,,,,
14-Jan-19,Tomato,7500,8000,7750,,,,
15-Jan-19,Tomato,8000,9000,8500,,,,
16-Jan-19,Tomato,7500,8500,8000,,,,
17-Jan-19,Tomato,7500,8000,7750,,,,
18-Jan-19,Tomato,6500,7800,7150,,,,
19-Jan-19,Tomato,6500,7500,7000,,,,
20-Jan-19,Tomato,5500,6500,6000,,,,
21-Jan-19,Tomato,5500,6500,6000,,,,
22-Jan-19,Tomato,6500,7500,7000,,,,
23-Jan-19,Tomato,7000,8000,7500,,,,
24-Jan-19,Tomato,6500,7500,7000,,,,
25-Jan-19,Tomato,6500,7000,6750,,,,
26-Jan-19,Tomato,6500,7500,7000,,,,
27-Jan-19,Tomato,6500,7000,6750,,,,
28-Jan-19,Tomato,6000,6500,6250,,,,
29-Jan-19,Tomato,4000,4800,4400,,,,
30-Jan-19,Tomato,4000,4500,4250,,,,
31-Jan-19,Tomato,4000,4500,4250,,,,
01-Feb-19,Tomato,4500,5000,4750,,,,
02-Feb-19,Tomato,4000,4500,4250,,,,
03-Feb-19,Tomato,4000,4500,4250,,,,
04-Feb-19,Tomato,4000,4500,4250,,,,
05-Feb-19,Tomato,4000,5000,4500,,,,
06-Feb-19,Tomato,4500,5000,4750,,,,
07-Feb-19,Tomato,4000,4500,4250,,,,
08-Feb-19,Tomato,4000,4500,4250,,,,
09-Feb-19,Tomato,3500,4000,3750,,,,
10-Feb-19,Tomato,3500,4000,3750,,,,
11-Feb-19,Tomato,3000,3500,3250,,,,
12-Feb-19,Tomato,3000,3500,3250,,,,
13-Feb-19,Tomato,3000,3500,3250,,,,
14-Feb-19,Tomato,2000,2500,2250,,,,
15-Feb-19,Tomato,1500,2000,1750,,,,
16-Feb-19,Tomato,1500,2000,1750,,,,
17-Feb-19,Tomato,2500,3000,2750,,,,
18-Feb-19,Tomato,2500,3000,2750,,,,
19-Feb-19,Tomato,2000,2500,2250,,,,
20-Feb-19,Tomato,2000,2500,2250,,,,
21-Feb-19,Tomato,2000,2500,2250,,,,
22-Feb-19,Tomato,2000,2500,2250,,,,
23-Feb-19,Tomato,2000,2500,2250,,,,
24-Feb-19,Tomato,2000,2500,2250,,,,
25-Feb-19,Tomato,3500,4000,3750,,,,
26-Feb-19,Tomato,2800,3400,3100,,,,
27-Feb-19,Tomato,3500,4000,3750,,,,
28-Feb-19,Tomato,3800,4200,4000,,,,
01-Mar-19,Tomato,3500,4000,3750,,,,
02-Mar-19,Tomato,4000,4500,4250,,,,
03-Mar-19,Tomato,3800,4200,4000,,,,
04-Mar-19,Tomato,3500,4000,3750,,,,
05-Mar-19,Tomato,4000,4500,4250,,,,
06-Mar-19,Tomato,5000,5500,5250,,,,
07-Mar-19,Tomato,4500,5000,4750,,,,
08-Mar-19,Tomato,6000,6600,6300,,,,
09-Mar-19,Tomato,6500,7000,6750,,,,
10-Mar-19,Tomato,6500,7000,6750,,,,
11-Mar-19,Tomato,6500,7500,7000,,,,
12-Mar-19,Tomato,7000,8000,7500,,,,
13-Mar-19,Tomato,7500,8000,7750,,,,
14-Mar-19,Tomato,6500,7000,6750,,,,
15-Mar-19,Tomato,6500,7000,6750,,,,
16-Mar-19,Tomato,6500,7000,6750,,,,
17-Mar-19,Tomato,6000,6500,6250,,,,
18-Mar-19,Tomato,5000,6000,5500,,,,
19-Mar-19,Tomato,4500,5000,4750,,,,
20-Mar-19,Tomato,4000,4500,4250,,,,
21-Mar-19,Tomato,4500,5000,4750,,,,
22-Mar-19,Tomato,4000,4500,4250,,,,
23-Mar-19,Tomato,4200,5000,4600,,,,
24-Mar-19,Tomato,4500,5000,4750,,,,
25-Mar-19,Tomato,5000,6000,5500,,,,
26-Mar-19,Tomato,5800,6200,6000,,,,
27-Mar-19,Tomato,6000,6500,6250,,,,
28-Mar-19,Tomato,6000,6500,6250,,,,
29-Mar-19,Tomato,5500,6000,5750,,,,
30-Mar-19,Tomato,5500,6000,5750,,,,
31-Mar-19,Tomato,5000,5500,5250,,,,
01-Apr-19,Tomato,5000,5500,5250,,,,
02-Apr-19,Tomato,5500,6000,5750,,,,
03-Apr-19,Tomato,6000,6500,6250,,,,
04-Apr-19,Tomato,6000,6500,6250,,,,
05-Apr-19,Tomato,5800,6500,6150,,,,
06-Apr-19,Tomato,5800,6500,6150,,,,
07-Apr-19,Tomato,5800,6500,6150,,,,
08-Apr-19,Tomato,6000,7000,6500,,,,
09-Apr-19,Tomato,6000,6500,6250,,,,
10-Apr-19,Tomato,7500,8000,7750,,,,
11-Apr-19,Tomato,7500,8000,7750,,,,
12-Apr-19,Tomato,7500,8500,8000,,,,
13-Apr-19,Tomato,8000,8600,8300,,,,
14-Apr-19,Tomato,8500,9000,8750,,,,
15-Apr-19,Tomato,9000,9500,9250,,,,
16-Apr-19,Tomato,8500,9500,9000,,,,
17-Apr-19,Tomato,8000,9000,8500,,,,
18-Apr-19,Tomato,7000,8000,7500,,,,
19-Apr-19,Tomato,7000,7500,7250,,,,
20-Apr-19,Tomato,7000,7500,7250,,,,
21-Apr-19,Tomato,7000,8000,7500,,,,
22-Apr-19,Tomato,5500,6000,5750,,,,
23-Apr-19,Tomato,5000,5500,5250,,,,
24-Apr-19,Tomato,4500,5500,5000,,,,
25-Apr-19,Tomato,5000,5500,5250,,,,
26-Apr-19,Tomato,4500,5000,4750,,,,
27-Apr-19,Tomato,4000,5000,4500,,,,
28-Apr-19,Tomato,4000,4600,4300,,,,
29-Apr-19,Tomato,4000,4700,4350,,,,
30-Apr-19,Tomato,3400,4000,3700,,,,
01-May-19,Tomato,3000,3500,3250,,,,
02-May-19,Tomato,3000,3500,3250,,,,
03-May-19,Tomato,3000,3500,3250,,,,
04-May-19,Tomato,3500,4000,3750,,,,
05-May-19,Tomato,4500,5000,4750,,,,
06-May-19,Tomato,4000,4500,4250,,,,
07-May-19,Tomato,4000,4500,4250,,,,
08-May-19,Tomato,3500,4000,3750,,,,
09-May-19,Tomato,3500,4000,3750,,,,
10-May-19,Tomato,3000,3500,3250,,,,
11-May-19,Tomato,3000,3500,3250,,,,
12-May-19,Tomato,3000,3500,3250,,,,
13-May-19,Tomato,3000,3500,3250,,,,
14-May-19,Tomato,3200,4000,3600,,,,
15-May-19,Tomato,3500,4000,3750,,,,
16-May-19,Tomato,3000,4000,3500,,,,
17-May-19,Tomato,3500,4000,3750,,,,
18-May-19,Tomato,4000,5000,4500,,,,
19-May-19,Tomato,5000,5700,5350,,,,
20-May-19,Tomato,5000,5500,5250,,,,
21-May-19,Tomato,4000,5000,4500,,,,
22-May-19,Tomato,3500,4000,3750,,,,
23-May-19,Tomato,3000,4000,3500,,,,
24-May-19,Tomato,3000,3500,3250,,,,
25-May-19,Tomato,3500,4000,3750,,,,
26-May-19,Tomato,3500,4000,3750,,,,
27-May-19,Tomato,3500,4000,3750,,,,
28-May-19,Tomato,3500,4500,4000,,,,
29-May-19,Tomato,4000,4500,4250,,,,
30-May-19,Tomato,4500,5000,4750,,,,
31-May-19,Tomato,4500,5000,4750,,,,
01-Jun-19,Tomato,5500,6000,5750,,,,
02-Jun-19,Tomato,6500,7000,6750,,,,
03-Jun-19,Tomato,7000,7500,7250,,,,
04-Jun-19,Tomato,3500,4000,3750,,,,
05-Jun-19,Tomato,3000,3500,3250,,,,
06-Jun-19,Tomato,3000,3500,3250,,,,
07-Jun-19,Tomato,2500,3000,2750,,,,
08-Jun-19,Tomato,3000,3500,3250,,,,
09-Jun-19,Tomato,3300,3800,3550,,,,
10-Jun-19,Tomato,3800,4500,4150,,,,
11-Jun-19,Tomato,4000,4500,4250,,,,
12-Jun-19,Tomato,4500,5000,4750,,,,
13-Jun-19,Tomato,4000,4500,4250,,,,
14-Jun-19,Tomato,4800,5300,5050,,,,
15-Jun-19,Tomato,5000,5500,5250,,,,
16-Jun-19,Tomato,5000,6000,5500,,,,
17-Jun-19,Tomato,5000,5500,5250,,,,
18-Jun-19,Tomato,5500,6000,5750,,,,
19-Jun-19,Tomato,6500,7500,7000,,,,
20-Jun-19,Tomato,7500,8000,7750,,,,
21-Jun-19,Tomato,8000,9000,8500,,,,
22-Jun-19,Tomato,6000,7000,6500,,,,
23-Jun-19,Tomato,8000,9000,8500,,,,
24-Jun-19,Tomato,11500,12000,11750,,,,
25-Jun-19,Tomato,8000,9000,8500,,,,
26-Jun-19,Tomato,8000,9000,8500,,,,
27-Jun-19,Tomato,6000,7000,6500,,,,
28-Jun-19,Tomato,6000,6500,6250,,,,
29-Jun-19,Tomato,8000,9000,8500,,,,
30-Jun-19,Tomato,8500,9000,8750,,,,
01-Jul-19,Tomato,8000,9000,8500,,,,
02-Jul-19,Tomato,7000,8000,7500,,,,
03-Jul-19,Tomato,6000,7000,6500,,,,
04-Jul-19,Tomato,6000,7000,6500,,,,
05-Jul-19,Tomato,5500,6500,6000,,,,
06-Jul-19,Tomato,4500,5500,5000,,,,
07-Jul-19,Tomato,4000,5000,4500,,,,
08-Jul-19,Tomato,3500,4500,4000,,,,
09-Jul-19,Tomato,3500,4500,4000,,,,
10-Jul-19,Tomato,3500,4500,4000,,,,
11-Jul-19,Tomato,3500,4000,3750,,,,
12-Jul-19,Tomato,3500,4000,3750,,,,
13-Jul-19,Tomato,3000,3500,3250,,,,
14-Jul-19,Tomato,3000,4000,3500,,,,
15-Jul-19,Tomato,3000,3500,3250,,,,
16-Jul-19,Tomato,3000,4000,3500,,,,
17-Jul-19,Tomato,3000,3500,3250,,,,
18-Jul-19,Tomato,3000,4000,3500,,,,
19-Jul-19,Tomato,3000,3500,3250,,,,
20-Jul-19,Tomato,2500,3500,3000,,,,
21-Jul-19,Tomato,2500,3000,2750,,,,
22-Jul-19,Tomato,2000,3000,2500,,,,
23-Jul-19,Tomato,2000,2500,2250,,,,
24-Jul-19,Tomato,2000,2800,2400,,,,
25-Jul-19,Tomato,2200,3000,2600,,,,
26-Jul-19,Tomato,3000,3500,3250,,,,
27-Jul-19,Tomato,3000,3500,3250,,,,
28-Jul-19,Tomato,3000,3500,3250,,,,
29-Jul-19,Tomato,3000,3500,3250,,,,
30-Jul-19,Tomato,3500,4500,4000,,,,
31-Jul-19,Tomato,4500,5000,4750,,,,
01-Aug-19,Tomato,4500,5000,4750,,,,
02-Aug-19,Tomato,4000,4500,4250,,,,
03-Aug-19,Tomato,4000,5000,4500,,,,
04-Aug-19,Tomato,4000,5000,4500,,,,
05-Aug-19,Tomato,3500,4500,4000,,,,
06-Aug-19,Tomato,3500,4000,3750,,,,
07-Aug-19,Tomato,3800,4500,4150,,,,
08-Aug-19,Tomato,4000,5000,4500,,,,
09-Aug-19,Tomato,5000,5500,5250,,,,
10-Aug-19,Tomato,3500,4500,4000,,,,
11-Aug-19,Tomato,3000,4000,3500,,,,
12-Aug-19,Tomato,3500,4000,3750,,,,
13-Aug-19,Tomato,2000,3000,2500,,,,
14-Aug-19,Tomato,2000,3000,2500,,,,
15-Aug-19,Tomato,2000,2500,2250,,,,
16-Aug-19,Tomato,3000,4000,3500,,,,
17-Aug-19,Tomato,3500,4000,3750,,,,
18-Aug-19,Tomato,2000,3000,2500,,,,
19-Aug-19,Tomato,2000,3000,2500,,,,
20-Aug-19,Tomato,3000,3500,3250,,,,
21-Aug-19,Tomato,2000,3000,2500,,,,
22-Aug-19,Tomato,2500,3000,2750,,,,
23-Aug-19,Tomato,2500,3000,2750,,,,
24-Aug-19,Tomato,2500,3000,2750,,,,
25-Aug-19,Tomato,4000,4500,4250,,,,
26-Aug-19,Tomato,3500,4500,4000,,,,
27-Aug-19,Tomato,4000,5000,4500,,,,
28-Aug-19,Tomato,4300,5000,4650,,,,
29-Aug-19,Tomato,4500,5500,5000,,,,
30-Aug-19,Tomato,4000,5000,4500,,,,
31-Aug-19,Tomato,4000,5000,4500,,,,
01-Sep-19,Tomato,3500,4000,3750,,,,
02-Sep-19,Tomato,3500,4000,3750,,,,
03-Sep-19,Tomato,2000,3000,2500,,,,
04-Sep-19,Tomato,2500,3500,3000,,,,
05-Sep-19,Tomato,2000,2500,2250,,,,
06-Sep-19,Tomato,2500,3000,2750,,,,
07-Sep-19,Tomato,4000,4500,4250,,,,
08-Sep-19,Tomato,3500,4000,3750,,,,
09-Sep-19,Tomato,3000,3500,3250,,,,
10-Sep-19,Tomato,2000,3000,2500,,,,
11-Sep-19,Tomato,2000,3000,2500,,,,
12-Sep-19,Tomato,2500,3000,2750,,,,
13-Sep-19,Tomato,2500,3000,2750,,,,
14-Sep-19,Tomato,2500,3000,2750,,,,
15-Sep-19,Tomato,2000,2500,2250,,,,
16-Sep-19,Tomato,2000,3000,2500,,,,
17-Sep-19,Tomato,2000,2500,2250,,,,
18-Sep-19,Tomato,1400,2000,1700,,,,
19-Sep-19,Tomato,1500,2000,1750,,,,
20-Sep-19,Tomato,2000,2500,2250,,,,
21-Sep-19,Tomato,2500,3000,2750,,,,
22-Sep-19,Tomato,1500,2500,2000,,,,
23-Sep-19,Tomato,1500,2500,2000,,,,
24-Sep-19,Tomato,1500,2500,2000,,,,
25-Sep-19,Tomato,2000,2500,2250,,,,
26-Sep-19,Tomato,1500,2000,1750,,,,
27-Sep-19,Tomato,1500,2500,2000,,,,
28-Sep-19,Tomato,1500,2000,1750,,,,
29-Sep-19,Tomato,1500,2000,1750,,,,
30-Sep-19,Tomato,2200,2500,2350,,,,
01-Oct-19,Tomato,1500,2000,1750,,,,
02-Oct-19,Tomato,1500,2000,1750,,,,
03-Oct-19,Tomato,1500,2000,1750,,,,
04-Oct-19,Tomato,1500,2000,1750,,,,
05-Oct-19,Tomato,1200,2000,1600,,,,
06-Oct-19,Tomato,1000,1500,1250,,,,
07-Oct-19,Tomato,1000,1500,1250,,,,
08-Oct-19,Tomato,1000,1500,1250,,,,
09-Oct-19,Tomato,2000,2500,2250,,,,
10-Oct-19,Tomato,2000,2500,2250,,,,
11-Oct-19,Tomato,2000,2500,2250,,,,
12-Oct-19,Tomato,2000,2500,2250,,,,
13-Oct-19,Tomato,2000,2500,2250,,,,
14-Oct-19,Tomato,1400,2000,1700,,,,
15-Oct-19,Tomato,1500,2000,1750,,,,
16-Oct-19,Tomato,1200,2000,1600,,,,
17-Oct-19,Tomato,1000,1500,1250,,,,
18-Oct-19,Tomato,1500,2000,1750,,,,
19-Oct-19,Tomato,1500,2000,1750,,,,
20-Oct-19,Tomato,1500,2000,1750,,,,
21-Oct-19,Tomato,1500,2000,1750,,,,
22-Oct-19,Tomato,2000,2500,2250,,,,
23-Oct-19,Tomato,1000,1500,1250,,,,
24-Oct-19,Tomato,1200,2000,1600,,,,
25-Oct-19,Tomato,3000,4000,3500,,,,
26-Oct-19,Tomato,2500,3000,2750,,,,
27-Oct-19,Tomato,2500,3000,2750,,,,
28-Oct-19,Tomato,2500,3000,2750,,,,
29-Oct-19,Tomato,3000,3500,3250,,,,
30-Oct-19,Tomato,4000,4500,4250,,,,
31-Oct-19,Tomato,3000,3500,3250,,,,
01-Nov-19,Tomato,2500,3000,2750,,,,
02-Nov-19,Tomato,2500,3000,2750,,,,
03-Nov-19,Tomato,2500,3000,2750,,,,
04-Nov-19,Tomato,2500,3000,2750,,,,
05-Nov-19,Tomato,3000,3500,3250,,,,
06-Nov-19,Tomato,3000,3500,3250,,,,
07-Nov-19,Tomato,3500,4000,3750,,,,
08-Nov-19,Tomato,3500,4000,3750,,,,
09-Nov-19,Tomato,3500,4000,3750,,,,
10-Nov-19,Tomato,3500,4000,3750,,,,
11-Nov-19,Tomato,3500,4000,3750,,,,
12-Nov-19,Tomato,3500,4000,3750,,,,
13-Nov-19,Tomato,3500,4000,3750,,,,
14-Nov-19,Tomato,5000,5500,5250,,,,
15-Nov-19,Tomato,5500,6000,5750,,,,
16-Nov-19,Tomato,5000,6000,5500,,,,
17-Nov-19,Tomato,7500,8000,7750,,,,
18-Nov-19,Tomato,6500,7000,6750,,,,
19-Nov-19,Tomato,6500,7000,6750,,,,
20-Nov-19,Tomato,7500,8000,7750,,,,
21-Nov-19,Tomato,8000,8500,8250,,,,
22-Nov-19,Tomato,5500,6000,5750,,,,
23-Nov-19,Tomato,4500,5000,4750,,,,
24-Nov-19,Tomato,4500,5000,4750,,,,
25-Nov-19,Tomato,3500,4000,3750,,,,
26-Nov-19,Tomato,3500,4000,3750,,,,
27-Nov-19,Tomato,3500,4000,3750,,,,
28-Nov-19,Tomato,3500,4000,3750,,,,
29-Nov-19,Tomato,4500,5000,4750,,,,
30-Nov-19,Tomato,4500,5000,4750,,,,
01-Dec-19,Tomato,2000,2500,2250,,,,
02-Dec-19,Tomato,1500,2000,1750,,,,
03-Dec-19,Tomato,2000,2500,2250,,,,
04-Dec-19,Tomato,2000,2500,2250,,,,
05-Dec-19,Tomato,2000,2500,2250,,,,
06-Dec-19,Tomato,2000,2500,2250,,,,
07-Dec-19,Tomato,2000,2500,2250,,,,
08-Dec-19,Tomato,2000,2500,2250,,,,
09-Dec-19,Tomato,2000,2500,2250,,,,
10-Dec-19,Tomato,2000,2500,2250,,,,
11-Dec-19,Tomato,2000,2500,2250,,,,
12-Dec-19,Tomato,2500,3000,2750,,,,
13-Dec-19,Tomato,2500,3000,2750,,,,
14-Dec-19,Tomato,2500,3000,2750,,,,
15-Dec-19,Tomato,3000,3500,3250,,,,
16-Dec-19,Tomato,2500,3000,2750,,,,
17-Dec-19,Tomato,2500,3000,2750,,,,
18-Dec-19,Tomato,2500,3000,2750,,,,
19-Dec-19,Tomato,3000,3500,3250,,,,
20-Dec-19,Tomato,3500,4000,3750,,,,
21-Dec-19,Tomato,3500,4000,3750,,,,
22-Dec-19,Tomato,3500,4000,3750,,,,
23-Dec-19,Tomato,3500,4000,3750,,,,
24-Dec-19,Tomato,3000,3500,3250,,,,
25-Dec-19,Tomato,3000,3500,3250,,,,
26-Dec-19,Tomato,4500,5000,4750,,,,
27-Dec-19,Tomato,4000,4500,4250,,,,
28-Dec-19,Tomato,2500,3500,3000,,,,
29-Dec-19,Tomato,3000,3500,3250,,,,
30-Dec-19,Tomato,2000,2500,2250,,,,
31-Dec-19,Tomato,1500,2000,1750,,,,
01-Jan-20,Tomato,1500,2000,1750,,,,
02-Jan-20,Tomato,1500,2000,1750,,,,
03-Jan-20,Tomato,1500,2000,1750,,,,
04-Jan-20,Tomato,1500,2000,1750,,,,
05-Jan-20,Tomato,2000,2500,2250,,,,
06-Jan-20,Tomato,2000,2500,2250,,,,
07-Jan-20,Tomato,1500,2000,1750,,,,
08-Jan-20,Tomato,1000,1500,1250,,,,
09-Jan-20,Tomato,1500,2000,1750,,,,
10-Jan-20,Tomato,1000,1500,1250,,,,
11-Jan-20,Tomato,1500,2000,1750,,,,
12-Jan-20,Tomato,1500,2000,1750,,,,
13-Jan-20,Tomato,2500,3000,2750,,,,
14-Jan-20,Tomato,3500,4000,3750,,,,
15-Jan-20,Tomato,2500,3000,2750,,,,
16-Jan-20,Tomato,3000,3500,3250,,,,
17-Jan-20,Tomato,2500,3000,2750,,,,
18-Jan-20,Tomato,2500,3000,2750,,,,
19-Jan-20,Tomato,2500,3000,2750,,,,
20-Jan-20,Tomato,2500,3000,2750,,,,
21-Jan-20,Tomato,2000,2500,2250,,,,
22-Jan-20,Tomato,2500,3000,2750,,,,
23-Jan-20,Tomato,2500,3000,2750,,,,
24-Jan-20,Tomato,2500,3000,2750,,,,
25-Jan-20,Tomato,2000,2500,2250,,,,
26-Jan-20,Tomato,2200,2500,2350,,,,
27-Jan-20,Tomato,1500,2000,1750,,,,
28-Jan-20,Tomato,1500,2000,1750,,,,
29-Jan-20,Tomato,1500,2000,1750,,,,
30-Jan-20,Tomato,1500,2000,1750,,,,
31-Jan-20,Tomato,1500,2000,1750,,,,
01-Feb-20,Tomato,1500,2000,1750,,,,
02-Feb-20,Tomato,1500,2000,1750,,,,
03-Feb-20,Tomato,2500,3000,2750,,,,
04-Feb-20,Tomato,2500,3000,2750,,,,
05-Feb-20,Tomato,2500,3000,2750,,,,
06-Feb-20,Tomato,2000,2500,2250,,,,
07-Feb-20,Tomato,2000,2500,2250,,,,
08-Feb-20,Tomato,1500,2000,1750,,,,
09-Feb-20,Tomato,1000,1500,1250,,,,
10-Feb-20,Tomato,1000,1500,1250,,,,
11-Feb-20,Tomato,1000,1500,1250,,,,
12-Feb-20,Tomato,1500,2000,1750,,,,
13-Feb-20,Tomato,1500,2000,1750,,,,
14-Feb-20,Tomato,1500,2000,1750,,,,
15-Feb-20,Tomato,1500,2000,1750,,,,
16-Feb-20,Tomato,1200,1800,1500,,,,
17-Feb-20,Tomato,1200,1800,1500,,,,
18-Feb-20,Tomato,1000,1500,1250,,,,
19-Feb-20,Tomato,1000,1500,1250,,,,
20-Feb-20,Tomato,1000,1500,1250,,,,
21-Feb-20,Tomato,1000,1500,1250,,,,
22-Feb-20,Tomato,1000,1500,1250,,,,
23-Feb-20,Tomato,1200,1800,1500,,,,
24-Feb-20,Tomato,1300,1800,1550,,,,
25-Feb-20,Tomato,1200,1800,1500,,,,
26-Feb-20,Tomato,1200,1800,1500,,,,
27-Feb-20,Tomato,1500,2000,1750,,,,
28-Feb-20,Tomato,1500,2000,1750,,,,
29-Feb-20,Tomato,1500,2000,1750,,,,
01-Mar-20,Tomato,1800,2200,2000,,,,
02-Mar-20,Tomato,2500,3000,2750,,,,
03-Mar-20,Tomato,2800,3500,3150,,,,
04-Mar-20,Tomato,3500,4000,3750,,,,
05-Mar-20,Tomato,4000,5000,4500,,,,
06-Mar-20,Tomato,4000,4500,4250,,,,
07-Mar-20,Tomato,4500,5000,4750,,,,
08-Mar-20,Tomato,4500,5000,4750,,,,
09-Mar-20,Tomato,4000,4500,4250,,,,
10-Mar-20,Tomato,4000,4500,4250,,,,
11-Mar-20,Tomato,4500,5000,4750,,,,
12-Mar-20,Tomato,4000,4500,4250,,,,
13-Mar-20,Tomato,4000,4500,4250,,,,
14-Mar-20,Tomato,4000,4500,4250,,,,
15-Mar-20,Tomato,3500,4000,3750,,,,
16-Mar-20,Tomato,3500,4000,3750,,,,
17-Mar-20,Tomato,3400,4000,3700,,,,
18-Mar-20,Tomato,3000,3500,3250,,,,
19-Mar-20,Tomato,2800,3300,3050,,,,
20-Mar-20,Tomato,2500,3000,2750,,,,
21-Mar-20,Tomato,2500,3000,2750,,,,
22-Mar-20,Tomato,2500,3000,2750,,,,
23-Mar-20,Tomato,2500,3000,2750,,,,
24-Mar-20,Tomato,2500,3000,2750,,,,
25-Mar-20,Tomato,3500,4000,3750,,,,
26-Mar-20,Tomato,4500,5000,4750,,,,
27-Mar-20,Tomato,5500,6000,5750,,,,
28-Mar-20,Tomato,6500,7000,6750,,,,
29-Mar-20,Tomato,6000,6500,6250,,,,
30-Mar-20,Tomato,6000,6500,6250,,,,
31-Mar-20,Tomato,6000,6500,6250,,,,
01-Apr-20,Tomato,5000,6000,5500,,,,
02-Apr-20,Tomato,5000,6000,5500,,,,
03-Apr-20,Tomato,4000,5000,4500,,,,
04-Apr-20,Tomato,5000,5500,5250,,,,
05-Apr-20,Tomato,7500,8000,7750,,,,
06-Apr-20,Tomato,7500,8000,7750,,,,
07-Apr-20,Tomato,7000,7500,7250,,,,
08-Apr-20,Tomato,6500,7000,6750,,,,
09-Apr-20,Tomato,4500,5000,4750,,,,
10-Apr-20,Tomato,5000,5500,5250,,,,
11-Apr-20,Tomato,5000,6000,5500,,,,
12-Apr-20,Tomato,5000,6000,5500,,,,
13-Apr-20,Tomato,5000,6000,5500,,,,
14-Apr-20,Tomato,5000,6000,5500,,,,
15-Apr-20,Tomato,4500,5000,4750,,,,
16-Apr-20,Tomato,4500,5000,4750,,,,
17-Apr-20,Tomato,4000,4500,4250,,,,
18-Apr-20,Tomato,4000,4500,4250,,,,
19-Apr-20,Tomato,4000,4500,4250,,,,
20-Apr-20,Tomato,5000,5500,5250,,,,
21-Apr-20,Tomato,5000,6000,5500,,,,
22-Apr-20,Tomato,7000,7500,7250,,,,
23-Apr-20,Tomato,7500,8000,7750,,,,
24-Apr-20,Tomato,7500,8000,7750,,,,
25-Apr-20,Tomato,9000,10000,9500,,,,
26-Apr-20,Tomato,9500,10000,9750,,,,
27-Apr-20,Tomato,8000,8500,8250,,,,
28-Apr-20,Tomato,8500,9000,8750,,,,
29-Apr-20,Tomato,8000,8500,8250,,,,
30-Apr-20,Tomato,8000,9000,8500,,,,
01-May-20,Tomato,8000,8500,8250,,,,
02-May-20,Tomato,8000,8500,8250,,,,
03-May-20,Tomato,8500,9000,8750,,,,
04-May-20,Tomato,7500,8000,7750,,,,
05-May-20,Tomato,6500,7000,6750,,,,
06-May-20,Tomato,7500,8500,8000,,,,
07-May-20,Tomato,9000,9500,9250,,,,
08-May-20,Tomato,7000,7500,7250,,,,
09-May-20,Tomato,6000,6500,6250,,,,
10-May-20,Tomato,4500,5000,4750,,,,
11-May-20,Tomato,4500,5000,4750,,,,
12-May-20,Tomato,4500,5000,4750,,,,
13-May-20,Tomato,3500,4000,3750,,,,
14-May-20,Tomato,3500,4000,3750,,,,
15-May-20,Tomato,3500,4000,3750,,,,
16-May-20,Tomato,3500,4000,3750,,,,
17-May-20,Tomato,4000,4500,4250,,,,
18-May-20,Tomato,4000,4500,4250,,,,
19-May-20,Tomato,4500,5000,4750,,,,
20-May-20,Tomato,6500,7000,6750,,,,
21-May-20,Tomato,7500,8000,7750,,,,
22-May-20,Tomato,6000,7000,6500,,,,
23-May-20,Tomato,5500,6000,5750,,,,
24-May-20,Tomato,6500,7000,6750,,,,
25-May-20,Tomato,6000,7000,6500,,,,
26-May-20,Tomato,6000,6500,6250,,,,
27-May-20,Tomato,5500,6000,5750,,,,
28-May-20,Tomato,6000,6500,6250,,,,
29-May-20,Tomato,7000,8000,7500,,,,
30-May-20,Tomato,7500,8500,8000,,,,
31-May-20,Tomato,7000,8000,7500,,,,
01-Jun-20,Tomato,7500,8500,8000,,,,
02-Jun-20,Tomato,10000,11500,10750,,,,
03-Jun-20,Tomato,9000,10000,9500,,,,
04-Jun-20,Tomato,7000,8000,7500,,,,
05-Jun-20,Tomato,6000,6500,6250,,,,
06-Jun-20,Tomato,4500,5500,5000,,,,
07-Jun-20,Tomato,4500,5000,4750,,,,
08-Jun-20,Tomato,5000,5500,5250,,,,
09-Jun-20,Tomato,5500,6000,5750,,,,
10-Jun-20,Tomato,4500,5500,5000,,,,
11-Jun-20,Tomato,4200,5000,4600,,,,
12-Jun-20,Tomato,5500,6200,5850,,,,
13-Jun-20,Tomato,5000,5500,5250,,,,
14-Jun-20,Tomato,4200,5000,4600,,,,
15-Jun-20,Tomato,4000,4500,4250,,,,
16-Jun-20,Tomato,3500,4000,3750,,,,
17-Jun-20,Tomato,3800,4500,4150,,,,
18-Jun-20,Tomato,3500,4200,3850,,,,
19-Jun-20,Tomato,4000,4500,4250,,,,
20-Jun-20,Tomato,4200,5000,4600,,,,
21-Jun-20,Tomato,4000,4500,4250,,,,
22-Jun-20,Tomato,3500,4000,3750,,,,
23-Jun-20,Tomato,3500,4000,3750,,,,
24-Jun-20,Tomato,4000,5000,4500,,,,
25-Jun-20,Tomato,4500,5000,4750,,,,
26-Jun-20,Tomato,5000,6000,5500,,,,
27-Jun-20,Tomato,5000,5500,5250,,,,
28-Jun-20,Tomato,4000,4500,4250,,,,
29-Jun-20,Tomato,3500,4000,3750,,,,
30-Jun-20,Tomato,3000,4000,3500,,,,
01-Jul-20,Tomato,4000,4500,4250,,,,
02-Jul-20,Tomato,4000,4500,4250,,,,
03-Jul-20,Tomato,4000,5000,4500,,,,
04-Jul-20,Tomato,4000,5000,4500,,,,
05-Jul-20,Tomato,4500,5500,5000,,,,
06-Jul-20,Tomato,4500,5200,4850,,,,
07-Jul-20,Tomato,3500,4000,3750,,,,
08-Jul-20,Tomato,4000,4500,4250,,,,
09-Jul-20,Tomato,4500,5500,5000,,,,
10-Jul-20,Tomato,4800,5500,5150,,,,
11-Jul-20,Tomato,5000,5500,5250,,,,
12-Jul-20,Tomato,4500,5500,5000,,,,
13-Jul-20,Tomato,4500,5500,5000,,,,
14-Jul-20,Tomato,4500,5000,4750,,,,
15-Jul-20,Tomato,4500,5500,5000,,,,
16-Jul-20,Tomato,4500,5500,5000,,,,
17-Jul-20,Tomato,5000,5500,5250,,,,
18-Jul-20,Tomato,5500,6500,6000,,,,
19-Jul-20,Tomato,4500,5200,4850,,,,
20-Jul-20,Tomato,5000,5500,5250,,,,
21-Jul-20,Tomato,4000,5000,4500,,,,
22-Jul-20,Tomato,3500,4500,4000,,,,
23-Jul-20,Tomato,3500,4500,4000,,,,
24-Jul-20,Tomato,3500,4000,3750,,,,
25-Jul-20,Tomato,3000,4000,3500,,,,
26-Jul-20,Tomato,3000,4000,3500,,,,
27-Jul-20,Tomato,4000,5000,4500,,,,
28-Jul-20,Tomato,4000,5000,4500,,,,
29-Jul-20,Tomato,3500,4500,4000,,,,
30-Jul-20,Tomato,4000,5000,4500,,,,
31-Jul-20,Tomato,3500,4500,4000,,,,
01-Aug-20,Tomato,4500,5500,5000,,,,
02-Aug-20,Tomato,4000,5000,4500,,,,
03-Aug-20,Tomato,4500,5500,5000,,,,
04-Aug-20,Tomato,4500,5500,5000,,,,
05-Aug-20,Tomato,5000,5500,5250,,,,
06-Aug-20,Tomato,4500,5000,4750,,,,
07-Aug-20,Tomato,4500,5000,4750,,,,
08-Aug-20,Tomato,4000,4500,4250,,,,
09-Aug-20,Tomato,4000,4500,4250,,,,
10-Aug-20,Tomato,3000,4000,3500,,,,
11-Aug-20,Tomato,3500,4000,3750,,,,
12-Aug-20,Tomato,3000,4000,3500,,,,
13-Aug-20,Tomato,3000,3500,3250,,,,
14-Aug-20,Tomato,3500,4500,4000,,,,
15-Aug-20,Tomato,3000,4000,3500,,,,
16-Aug-20,Tomato,2500,3500,3000,,,,
17-Aug-20,Tomato,1500,2500,2000,,,,
18-Aug-20,Tomato,1000,1500,1250,,,,
19-Aug-20,Tomato,1200,1800,1500,,,,
20-Aug-20,Tomato,1500,2500,2000,,,,
21-Aug-20,Tomato,1500,2500,2000,,,,
22-Aug-20,Tomato,1500,2000,1750,,,,
23-Aug-20,Tomato,1500,2000,1750,,,,
24-Aug-20,Tomato,2000,3000,2500,,,,
25-Aug-20,Tomato,1500,2000,1750,,,,
26-Aug-20,Tomato,1500,2000,1750,,,,
27-Aug-20,Tomato,1200,1800,1500,,,,
28-Aug-20,Tomato,1200,1800,1500,,,,
29-Aug-20,Tomato,1000,2000,1500,,,,
30-Aug-20,Tomato,1000,2000,1500,,,,
31-Aug-20,Tomato,1000,2000,1500,,,,
01-Sep-20,Tomato,1500,2000,1750,,,,
02-Sep-20,Tomato,1400,1800,1600,,,,
03-Sep-20,Tomato,1800,2200,2000,,,,
04-Sep-20,Tomato,2000,2500,2250,,,,
05-Sep-20,Tomato,2000,2500,2250,,,,
06-Sep-20,Tomato,1200,2000,1600,,,,
07-Sep-20,Tomato,1500,2000,1750,,,,
08-Sep-20,Tomato,1500,2000,1750,,,,
09-Sep-20,Tomato,1500,2000,1750,,,,
10-Sep-20,Tomato,1200,2000,1600,,,,
11-Sep-20,Tomato,1500,2000,1750,,,,
12-Sep-20,Tomato,1500,2000,1750,,,,
13-Sep-20,Tomato,1500,2000,1750,,,,
14-Sep-20,Tomato,1500,2000,1750,,,,
15-Sep-20,Tomato,1200,2000,1600,,,,
16-Sep-20,Tomato,1500,2000,1750,,,,
17-Sep-20,Tomato,1500,2500,2000,,,,
18-Sep-20,Tomato,1200,1600,1400,,,,
19-Sep-20,Tomato,1200,2000,1600,,,,
20-Sep-20,Tomato,1500,2000,1750,,,,
21-Sep-20,Tomato,1500,2000,1750,,,,
22-Sep-20,Tomato,1500,2000,1750,,,,
23-Sep-20,Tomato,1500,2000,1750,,,,
24-Sep-20,Tomato,1500,2000,1750,,,,
25-Sep-20,Tomato,1000,1500,1250,,,,
26-Sep-20,Tomato,800,1500,1150,,,,
27-Sep-20,Tomato,800,1500,1150,,,,
28-Sep-20,Tomato,1000,1500,1250,,,,
29-Sep-20,Tomato,1000,1500,1250,,,,
30-Sep-20,Tomato,1500,2000,1750,,,,
01-Oct-20,Tomato,1500,2000,1750,,,,
02-Oct-20,Tomato,1500,2000,1750,,,,
03-Oct-20,Tomato,1500,2000,1750,,,,
04-Oct-20,Tomato,1500,2000,1750,,,,
05-Oct-20,Tomato,800,1200,1000,,,,
06-Oct-20,Tomato,1000,1500,1250,,,,
07-Oct-20,Tomato,1000,1500,1250,,,,
08-Oct-20,Tomato,1200,1500,1350,,,,
09-Oct-20,Tomato,1500,2000,1750,,,,
10-Oct-20,Tomato,1500,2000,1750,,,,
11-Oct-20,Tomato,1000,1500,1250,,,,
12-Oct-20,Tomato,1000,1500,1250,,,,
13-Oct-20,Tomato,2000,2500,2250,,,,
14-Oct-20,Tomato,2000,2500,2250,,,,
15-Oct-20,Tomato,2000,2500,2250,,,,
16-Oct-20,Tomato,1500,2000,1750,,,,
17-Oct-20,Tomato,2000,2500,2250,,,,
18-Oct-20,Tomato,2500,3000,2750,,,,
19-Oct-20,Tomato,2500,3000,2750,,,,
20-Oct-20,Tomato,1500,2000,1750,,,,
21-Oct-20,Tomato,1500,2000,1750,,,,
22-Oct-20,Tomato,2500,3000,2750,,,,
23-Oct-20,Tomato,2000,2500,2250,,,,
24-Oct-20,Tomato,2000,2500,2250,,,,
25-Oct-20,Tomato,4000,5000,4500,,,,
26-Oct-20,Tomato,4000,5000,4500,,,,
27-Oct-20,Tomato,4000,5000,4500,,,,
28-Oct-20,Tomato,3000,4000,3500,,,,
29-Oct-20,Tomato,3000,4000,3500,,,,
30-Oct-20,Tomato,4000,5000,4500,,,,
31-Oct-20,Tomato,4000,5000,4500,,,,
01-Nov-20,Tomato,4500,5000,4750,,,,
02-Nov-20,Tomato,4500,5000,4750,,,,
03-Nov-20,Tomato,4500,5000,4750,,,,
04-Nov-20,Tomato,3000,4000,3500,,,,
05-Nov-20,Tomato,3000,4000,3500,,,,
06-Nov-20,Tomato,3500,4500,4000,,,,
07-Nov-20,Tomato,4500,5000,4750,,,,
08-Nov-20,Tomato,3000,4000,3500,,,,
09-Nov-20,Tomato,3000,3500,3250,,,,
10-Nov-20,Tomato,3000,4000,3500,,,,
11-Nov-20,Tomato,3000,4000,3500,,,,
12-Nov-20,Tomato,3000,4000,3500,,,,
13-Nov-20,Tomato,3000,4000,3500,,,,
14-Nov-20,Tomato,2500,3500,3000,,,,
15-Nov-20,Tomato,2500,3500,3000,,,,
16-Nov-20,Tomato,2000,2500,2250,,,,
17-Nov-20,Tomato,2000,2500,2250,,,,
18-Nov-20,Tomato,1500,2000,1750,,,,
19-Nov-20,Tomato,1500,2000,1750,,,,
20-Nov-20,Tomato,1200,1600,1400,,,,
21-Nov-20,Tomato,1500,2000,1750,,,,
22-Nov-20,Tomato,1000,1500,1250,,,,
23-Nov-20,Tomato,1000,1500,1250,,,,
24-Nov-20,Tomato,1500,2000,1750,,,,
25-Nov-20,Tomato,1000,1500,1250,,,,
26-Nov-20,Tomato,1400,1800,1600,,,,
27-Nov-20,Tomato,1000,1500,1250,,,,
28-Nov-20,Tomato,1500,2000,1750,,,,
29-Nov-20,Tomato,1000,1500,1250,,,,
30-Nov-20,Tomato,1000,1500,1250,,,,
01-Dec-20,Tomato,1500,2000,1750,,,,
02-Dec-20,Tomato,3000,4000,3500,,,,
03-Dec-20,Tomato,2000,2500,2250,,,,
04-Dec-20,Tomato,2000,2500,2250,,,,
05-Dec-20,Tomato,2500,3000,2750,,,,
06-Dec-20,Tomato,1500,2000,1750,,,,
07-Dec-20,Tomato,1000,1500,1250,,,,
08-Dec-20,Tomato,1000,1500,1250,,,,
09-Dec-20,Tomato,1000,1500,1250,,,,
10-Dec-20,Tomato,1500,2000,1750,,,,
11-Dec-20,Tomato,1000,1500,1250,,,,
12-Dec-20,Tomato,1000,1500,1250,,,,
13-Dec-20,Tomato,1000,1500,1250,,,,
14-Dec-20,Tomato,1000,1500,1250,,,,
15-Dec-20,Tomato,3000,3500,3250,,,,
16-Dec-20,Tomato,3500,4000,3750,,,,
