Date,Commodity,Variety,Min_Price,Max_Price,Modal_Price,District,Market,Grade
21-May-25,Banana,Other,500,1500,1000,Pune,Pune,
14-Apr-25,Banana,Other,500,1500,1000,Pune,Pune,
22-May-25,Banana,Other,500,1500,1000,Pune,Pune,
24-Feb-25,Banana,Other,800,2000,1400,Pune,Pune,
3-Mar-25,Banana,Other,500,2000,1200,Pune,Pune,
28-May-25,Banana,Other,500,2500,1500,Pune,Pune,
13-Sep-24,Banana,Other,800,1600,1200,Pune,Pune,
9-Jul-25,Banana,Other,500,1500,1000,Pune,Pune,
11-Jul-25,Banana,Other,500,1500,1000,Pune,Pune,
27-Feb-25,Banana,Other,500,1500,1000,Pune,Pune,
30-Apr-25,Banana,Other,500,1500,1000,Pune,Pune,
1-Nov-24,Banana,Other,800,1200,1000,Pune,Pune,
17-Sep-24,Banana,Other,800,1800,1300,Pune,Pune,
21-Jul-25,Banana,Other,1000,2000,1500,Pune,Pune,
16-Apr-25,Banana,Other,500,1500,1000,Pune,Pune,
26-May-25,Banana,Other,500,1500,1000,Pune,Pune,
19-Apr-24,Banana,Other,800,1400,1100,Pune,Pune,
22-Apr-24,Banana,Other,800,1400,1100,Pune,Pune,
3-Sep-24,Banana,Other,1000,2000,1500,Pune,Pune,
21-Apr-25,Banana,Other,700,1200,900,Pune,Pune,
23-Dec-24,Banana,Other,800,1600,1200,Pune,Pune,
25-Sep-24,Banana,Other,800,1600,1200,Pune,Pune,
13-Jan-25,Banana,Other,800,2000,1400,Pune,Pune,
27-May-25,Banana,Other,500,1500,1000,Pune,Pune,
23-Apr-25,Banana,Other,500,1700,1100,Pune,Pune,
25-Dec-24,Banana,Other,800,1300,1000,Pune,Pune,
4-Nov-24,Banana,Other,800,1400,1100,Pune,Pune,
19-Feb-25,Banana,Other,800,1600,1200,Pune,Pune,
28-Jul-25,Banana,Other,1000,2000,1500,Pune,Pune,
2-Dec-21,Banana,Other,400,800,600,Pune,Pune,
5-Dec-21,Banana,Other,400,1000,700,Pune,Pune,
7-Dec-21,Banana,Other,400,1000,700,Pune,Pune,
8-Feb-22,Banana,Other,400,1000,700,Pune,Pune,
9-Dec-21,Banana,Other,400,1000,700,Pune,Pune,
9-Nov-21,Banana,Other,400,1000,700,Pune,Pune,
18-Feb-22,Banana,Other,400,1000,700,Pune,Pune,
20-Dec-21,Banana,Other,400,1000,700,Pune,Pune,
20-Feb-22,Banana,Other,400,1000,700,Pune,Pune,
23-Dec-21,Banana,Other,400,1000,700,Pune,Pune,
25-Nov-21,Banana,Other,400,1000,700,Pune,Pune,
25-Oct-21,Banana,Other,400,1000,700,Pune,Pune,
27-Oct-21,Banana,Other,400,1000,700,Pune,Pune,
29-Nov-21,Banana,Other,400,1000,700,Pune,Pune,
29-Oct-21,Banana,Other,400,1000,700,Pune,Pune,
30-Dec-21,Banana,Other,400,1000,700,Pune,Pune,
30-Nov-21,Banana,Other,400,1000,700,Pune,Pune,
31-Dec-21,Banana,Other,400,1000,700,Pune,Pune,
3-Dec-21,Banana,Other,400,1200,800,Pune,Pune,
10-Dec-21,Banana,Other,400,1200,800,Pune,Pune,
22-Oct-21,Banana,Other,400,1200,800,Pune,Pune,
29-Dec-21,Banana,Other,400,1200,800,Pune,Pune,
2-May-22,Banana,Other,400,1400,900,Pune,Pune,
1-Oct-21,Banana,Other,400,1600,1000,Pune,Pune,
3-Jul-22,Banana,Other,400,1600,1000,Pune,Pune,
3-Oct-21,Banana,Other,400,1600,1000,Pune,Pune,
5-Apr-22,Banana,Other,400,1600,1000,Pune,Pune,
5-Jul-22,Banana,Other,400,1600,1000,Pune,Pune,
6-Apr-22,Banana,Other,400,1600,1000,Pune,Pune,
6-Mar-22,Banana,Other,400,1600,1000,Pune,Pune,
7-Aug-22,Banana,Other,400,1600,1000,Pune,Pune,
10-Jun-22,Banana,Other,400,1600,1000,Pune,Pune,
10-Oct-21,Banana,Other,400,1600,1000,Pune,Pune,
11-Jan-22,Banana,Other,400,1600,1000,Pune,Pune,
12-Oct-21,Banana,Other,400,1600,1000,Pune,Pune,
13-Dec-21,Banana,Other,400,1600,1000,Pune,Pune,
13-Oct-21,Banana,Other,400,1600,1000,Pune,Pune,
14-Jun-22,Banana,Other,400,1600,1000,Pune,Pune,
14-Mar-22,Banana,Other,400,1600,1000,Pune,Pune,
15-Dec-21,Banana,Other,400,1600,1000,Pune,Pune,
15-Feb-22,Banana,Other,400,1600,1000,Pune,Pune,
15-Oct-21,Banana,Other,400,1600,1000,Pune,Pune,
22-Jul-22,Banana,Other,400,1600,1000,Pune,Pune,
22-Mar-22,Banana,Other,400,1600,1000,Pune,Pune,
22-Sep-21,Banana,Other,400,1600,1000,Pune,Pune,
23-Mar-22,Banana,Other,400,1600,1000,Pune,Pune,
24-Jun-22,Banana,Other,400,1600,1000,Pune,Pune,
26-Dec-21,Banana,Other,400,1600,1000,Pune,Pune,
27-Feb-22,Banana,Other,400,1600,1000,Pune,Pune,
27-Mar-22,Banana,Other,400,1600,1000,Pune,Pune,
27-May-22,Banana,Other,400,1600,1000,Pune,Pune,
29-Apr-22,Banana,Other,400,1600,1000,Pune,Pune,
30-Jan-22,Banana,Other,400,1600,1000,Pune,Pune,
31-May-22,Banana,Other,400,1600,1000,Pune,Pune,
26-Feb-25,Banana,Other,500,1300,900,Pune,Pune,
15-May-25,Banana,Other,500,1500,1000,Pune,Pune,
28-Feb-25,Banana,Other,500,1500,1000,Pune,Pune,
5-Mar-25,Banana,Other,500,2000,1200,Pune,Pune,
6-May-25,Banana,Other,500,2000,1200,Pune,Pune,
14-Mar-25,Banana,Other,500,2500,1500,Pune,Pune,
9-Feb-22,Banana,Other,600,1200,900,Pune,Pune,
18-Jan-22,Banana,Other,600,1200,900,Pune,Pune,
10-Feb-22,Banana,Other,600,1300,900,Pune,Pune,
4-Mar-22,Banana,Other,800,1000,900,Pune,Pune,
11-Oct-23,Banana,Other,800,1000,900,Pune,Pune,
1-Aug-23,Banana,Other,800,1200,1000,Pune,Pune,
1-Feb-23,Banana,Other,800,1200,1000,Pune,Pune,
2-Aug-22,Banana,Other,800,1200,1000,Pune,Pune,
2-Jul-23,Banana,Other,800,1200,1000,Pune,Pune,
2-Sep-22,Banana,Other,800,1200,1000,Pune,Pune,
3-Jul-23,Banana,Other,800,1200,1000,Pune,Pune,
3-Oct-22,Banana,Other,800,1200,1000,Pune,Pune,
3-Oct-23,Banana,Other,800,1200,1000,Pune,Pune,
4-Oct-22,Banana,Other,800,1200,1000,Pune,Pune,
5-Jul-23,Banana,Other,800,1200,1000,Pune,Pune,
5-Sep-22,Banana,Other,800,1200,1000,Pune,Pune,
5-Sep-23,Banana,Other,800,1200,1000,Pune,Pune,
6-Jul-23,Banana,Other,800,1200,1000,Pune,Pune,
6-Oct-23,Banana,Other,800,1200,1000,Pune,Pune,
7-Jul-23,Banana,Other,800,1200,1000,Pune,Pune,
7-Nov-23,Banana,Other,800,1200,1000,Pune,Pune,
7-Sep-22,Banana,Other,800,1200,1000,Pune,Pune,
8-May-23,Banana,Other,800,1200,1000,Pune,Pune,
8-Sep-23,Banana,Other,800,1200,1000,Pune,Pune,
9-Mar-22,Banana,Other,800,1200,1000,Pune,Pune,
10-Jan-22,Banana,Other,800,1200,1000,Pune,Pune,
10-Jul-23,Banana,Other,800,1200,1000,Pune,Pune,
10-Mar-22,Banana,Other,800,1200,1000,Pune,Pune,
10-May-23,Banana,Other,800,1200,1000,Pune,Pune,
10-Sep-23,Banana,Other,800,1200,1000,Pune,Pune,
11-Aug-23,Banana,Other,800,1200,1000,Pune,Pune,
11-Jul-23,Banana,Other,800,1200,1000,Pune,Pune,
11-Sep-22,Banana,Other,800,1200,1000,Pune,Pune,
12-Nov-23,Banana,Other,800,1200,1000,Pune,Pune,
13-Jun-23,Banana,Other,800,1200,1000,Pune,Pune,
13-Oct-22,Banana,Other,800,1200,1000,Pune,Pune,
14-Oct-22,Banana,Other,800,1200,1000,Pune,Pune,
15-May-23,Banana,Other,800,1200,1000,Pune,Pune,
15-Oct-23,Banana,Other,800,1200,1000,Pune,Pune,
17-Aug-23,Banana,Other,800,1200,1000,Pune,Pune,
18-Aug-23,Banana,Other,800,1200,1000,Pune,Pune,
18-Jul-23,Banana,Other,800,1200,1000,Pune,Pune,
18-May-23,Banana,Other,800,1200,1000,Pune,Pune,
18-Nov-21,Banana,Other,800,1200,1000,Pune,Pune,
18-Oct-21,Banana,Other,800,1200,1000,Pune,Pune,
19-May-23,Banana,Other,800,1200,1000,Pune,Pune,
19-Oct-22,Banana,Other,800,1200,1000,Pune,Pune,
19-Sep-22,Banana,Other,800,1200,1000,Pune,Pune,
20-Jul-23,Banana,Other,800,1200,1000,Pune,Pune,
20-Nov-23,Banana,Other,800,1200,1000,Pune,Pune,
20-Oct-23,Banana,Other,800,1200,1000,Pune,Pune,
21-Jul-23,Banana,Other,800,1200,1000,Pune,Pune,
23-Oct-23,Banana,Other,800,1200,1000,Pune,Pune,
23-Sep-22,Banana,Other,800,1200,1000,Pune,Pune,
24-Apr-23,Banana,Other,800,1200,1000,Pune,Pune,
24-Aug-22,Banana,Other,800,1200,1000,Pune,Pune,
24-Nov-23,Banana,Other,800,1200,1000,Pune,Pune,
24-Oct-23,Banana,Other,800,1200,1000,Pune,Pune,
25-Aug-23,Banana,Other,800,1200,1000,Pune,Pune,
25-Jul-22,Banana,Other,800,1200,1000,Pune,Pune,
25-Jul-23,Banana,Other,800,1200,1000,Pune,Pune,
27-Sep-23,Banana,Other,800,1200,1000,Pune,Pune,
28-Apr-23,Banana,Other,800,1200,1000,Pune,Pune,
28-Jul-23,Banana,Other,800,1200,1000,Pune,Pune,
28-May-23,Banana,Other,800,1200,1000,Pune,Pune,
29-May-23,Banana,Other,800,1200,1000,Pune,Pune,
30-May-23,Banana,Other,800,1200,1000,Pune,Pune,
31-Aug-22,Banana,Other,800,1200,1000,Pune,Pune,
31-Jan-23,Banana,Other,800,1200,1000,Pune,Pune,
31-Jul-22,Banana,Other,800,1200,1000,Pune,Pune,
31-Mar-23,Banana,Other,800,1200,1000,Pune,Pune,
31-May-23,Banana,Other,800,1200,1000,Pune,Pune,
6-Nov-23,Banana,Other,800,1200,1100,Pune,Pune,
1-Jan-25,Banana,Other,800,1400,1100,Pune,Pune,
1-Jun-23,Banana,Other,800,1400,1100,Pune,Pune,
3-Nov-23,Banana,Other,800,1400,1100,Pune,Pune,
9-Nov-23,Banana,Other,800,1400,1100,Pune,Pune,
10-Apr-23,Banana,Other,800,1400,1100,Pune,Pune,
10-Nov-23,Banana,Other,800,1400,1100,Pune,Pune,
11-Sep-23,Banana,Other,800,1400,1100,Pune,Pune,
12-Jun-23,Banana,Other,800,1400,1100,Pune,Pune,
16-Oct-23,Banana,Other,800,1400,1100,Pune,Pune,
17-Apr-23,Banana,Other,800,1400,1100,Pune,Pune,
17-May-23,Banana,Other,800,1400,1100,Pune,Pune,
18-Sep-23,Banana,Other,800,1400,1100,Pune,Pune,
20-Dec-24,Banana,Other,800,1400,1100,Pune,Pune,
23-May-23,Banana,Other,800,1400,1100,Pune,Pune,
24-Mar-23,Banana,Other,800,1400,1100,Pune,Pune,
26-Jun-23,Banana,Other,800,1400,1100,Pune,Pune,
26-Mar-23,Banana,Other,800,1400,1100,Pune,Pune,
28-Aug-23,Banana,Other,800,1400,1100,Pune,Pune,
28-Dec-22,Banana,Other,800,1400,1100,Pune,Pune,
30-Oct-23,Banana,Other,800,1400,1100,Pune,Pune,
24-Sep-23,Banana,Other,800,1500,1100,Pune,Pune,
2-Apr-23,Banana,Other,800,1500,1200,Pune,Pune,
6-Feb-22,Banana,Other,800,1500,1200,Pune,Pune,
11-Feb-22,Banana,Other,800,1500,1200,Pune,Pune,
16-Dec-21,Banana,Other,800,1500,1200,Pune,Pune,
16-Feb-22,Banana,Other,800,1500,1200,Pune,Pune,
12-Sep-24,Banana,Other,800,1600,1200,Pune,Pune,
13-Nov-23,Banana,Other,800,1600,1200,Pune,Pune,
13-Sep-23,Banana,Other,800,1600,1200,Pune,Pune,
15-Jan-25,Banana,Other,800,1600,1200,Pune,Pune,
19-Sep-23,Banana,Other,800,1600,1200,Pune,Pune,
22-Nov-23,Banana,Other,800,1600,1200,Pune,Pune,
24-May-23,Banana,Other,800,1600,1200,Pune,Pune,
27-Nov-23,Banana,Other,800,1600,1200,Pune,Pune,
27-Oct-23,Banana,Other,800,1600,1200,Pune,Pune,
29-Oct-23,Banana,Other,800,1600,1200,Pune,Pune,
17-Feb-25,Banana,Other,800,2000,1400,Pune,Pune,
8-Mar-23,Banana,Other,1000,1200,1100,Pune,Pune,
10-Mar-23,Banana,Other,1000,1200,1100,Pune,Pune,
12-Mar-23,Banana,Other,1000,1200,1100,Pune,Pune,
14-Oct-24,Banana,Other,1000,1200,1100,Pune,Pune,
17-Mar-23,Banana,Other,1000,1200,1100,Pune,Pune,
25-Jan-23,Banana,Other,1000,1200,1100,Pune,Pune,
27-Feb-23,Banana,Other,1000,1200,1100,Pune,Pune,
30-Jan-23,Banana,Other,1000,1200,1100,Pune,Pune,
5-Mar-23,Banana,Other,1000,1200,1150,Pune,Pune,
1-Jan-23,Banana,Other,1000,1400,1200,Pune,Pune,
2-Mar-23,Banana,Other,1000,1400,1200,Pune,Pune,
3-Mar-23,Banana,Other,1000,1400,1200,Pune,Pune,
4-Jan-23,Banana,Other,1000,1400,1200,Pune,Pune,
5-Feb-23,Banana,Other,1000,1400,1200,Pune,Pune,
6-Dec-22,Banana,Other,1000,1400,1200,Pune,Pune,
8-Feb-23,Banana,Other,1000,1400,1200,Pune,Pune,
8-Jan-23,Banana,Other,1000,1400,1200,Pune,Pune,
9-Dec-22,Banana,Other,1000,1400,1200,Pune,Pune,
10-Oct-22,Banana,Other,1000,1400,1200,Pune,Pune,
11-Dec-22,Banana,Other,1000,1400,1200,Pune,Pune,
15-Mar-23,Banana,Other,1000,1400,1200,Pune,Pune,
16-Feb-23,Banana,Other,1000,1400,1200,Pune,Pune,
17-Feb-23,Banana,Other,1000,1400,1200,Pune,Pune,
17-Nov-22,Banana,Other,1000,1400,1200,Pune,Pune,
18-Dec-22,Banana,Other,1000,1400,1200,Pune,Pune,
19-Feb-23,Banana,Other,1000,1400,1200,Pune,Pune,
21-Dec-22,Banana,Other,1000,1400,1200,Pune,Pune,
21-Nov-22,Banana,Other,1000,1400,1200,Pune,Pune,
22-Dec-22,Banana,Other,1000,1400,1200,Pune,Pune,
22-Feb-23,Banana,Other,1000,1400,1200,Pune,Pune,
22-Mar-23,Banana,Other,1000,1400,1200,Pune,Pune,
23-Mar-23,Banana,Other,1000,1400,1200,Pune,Pune,
23-Nov-22,Banana,Other,1000,1400,1200,Pune,Pune,
29-Dec-22,Banana,Other,1000,1400,1200,Pune,Pune,
30-Nov-22,Banana,Other,1000,1400,1200,Pune,Pune,
30-Sep-22,Banana,Other,1000,1400,1200,Pune,Pune,
22-Sep-23,Banana,Other,1000,1500,1200,Pune,Pune,
8-Nov-22,Banana,Other,1000,1500,1300,Pune,Pune,
9-Nov-22,Banana,Other,1000,1500,1300,Pune,Pune,
10-Nov-22,Banana,Other,1000,1500,1300,Pune,Pune,
11-Nov-22,Banana,Other,1000,1500,1300,Pune,Pune,
12-Jul-23,Banana,Other,1000,1500,1300,Pune,Pune,
22-Aug-22,Banana,Other,1000,1500,1300,Pune,Pune,
23-Oct-22,Banana,Other,1000,1500,1300,Pune,Pune,
24-Feb-23,Banana,Other,1000,1500,1300,Pune,Pune,
24-Jul-22,Banana,Other,1000,1500,1300,Pune,Pune,
28-Oct-22,Banana,Other,1000,1500,1300,Pune,Pune,
2-Nov-22,Banana,Other,1000,1600,1300,Pune,Pune,
3-Nov-22,Banana,Other,1000,1600,1300,Pune,Pune,
20-Oct-22,Banana,Other,1000,1600,1300,Pune,Pune,
21-Oct-22,Banana,Other,1000,1600,1300,Pune,Pune,
23-Feb-23,Banana,Other,1000,1600,1300,Pune,Pune,
24-Jan-23,Banana,Other,1000,1600,1300,Pune,Pune,
26-Oct-22,Banana,Other,1000,1600,1300,Pune,Pune,
1-Nov-22,Banana,Other,1000,2000,1500,Pune,Pune,
23-Jan-23,Banana,Other,1000,2000,1500,Pune,Pune,
26-Sep-24,Banana,Other,1000,2000,1500,Pune,Pune,
30-Oct-22,Banana,Other,1000,2000,1500,Pune,Pune,
31-Oct-22,Banana,Other,1000,2000,1500,Pune,Pune,
29-Mar-20,Banana,Other,1500,2000,1750,Pune,Pune,
9-Jun-25,Banana,Other,500,1700,1100,Pune,Pune,
31-Mar-25,Banana,Other,500,2000,1200,Pune,Pune,
24-Mar-25,Banana,Other,500,2500,1500,Pune,Pune,
9-Dec-24,Banana,Other,800,1200,1000,Pune,Pune,
30-Dec-24,Banana,Other,800,1200,1000,Pune,Pune,
11-Oct-24,Banana,Other,800,1400,1100,Pune,Pune,
15-Oct-24,Banana,Other,800,1400,1100,Pune,Pune,
23-Jun-25,Banana,Other,500,1500,1000,Pune,Pune,
30-May-25,Banana,Other,500,2000,1200,Pune,Pune,
18-Jul-25,Banana,Other,1000,2000,1500,Pune,Pune,
30-Sep-24,Banana,Other,1000,2000,1500,Pune,Pune,
14-Jul-25,Banana,Other,500,1500,1000,Pune,Pune,
20-May-25,Banana,Other,500,1500,1000,Pune,Pune,
8-May-25,Banana,Other,500,2000,1200,Pune,Pune,
25-May-25,Banana,Other,500,2000,1200,Pune,Pune,
1-Jun-25,Banana,Other,500,2500,1500,Pune,Pune,
15-Apr-24,Banana,Other,800,1400,1100,Pune,Pune,
25-Nov-24,Banana,Other,800,1400,1100,Pune,Pune,
27-Nov-24,Banana,Other,800,1400,1100,Pune,Pune,
2-Dec-24,Banana,Other,800,1600,1200,Pune,Pune,
17-Dec-24,Banana,Other,1000,2000,1500,Pune,Pune,
20-Jul-25,Banana,Other,1000,2000,1500,Pune,Pune,
23-Jul-25,Banana,Other,1000,2000,1500,Pune,Pune,
12-May-25,Banana,Other,500,1500,1000,Pune,Pune,
7-Jul-25,Banana,Other,500,2000,1200,Pune,Pune,
4-Jun-25,Banana,Other,500,2500,1500,Pune,Pune,
21-Mar-25,Banana,Other,500,2500,1500,Pune,Pune,
12-Dec-24,Banana,Other,800,1500,1100,Pune,Pune,
20-Sep-24,Banana,Other,800,1600,1200,Pune,Pune,
6-Jan-25,Banana,Other,800,2000,1400,Pune,Pune,
18-May-25,Banana,Other,500,1500,1000,Pune,Pune,
19-May-25,Banana,Other,500,1500,1000,Pune,Pune,
11-Jun-25,Banana,Other,500,1700,1100,Pune,Pune,
29-May-25,Banana,Other,500,2000,1200,Pune,Pune,
24-Apr-24,Banana,Other,800,1200,1000,Pune,Pune,
13-Dec-24,Banana,Other,800,1400,1100,Pune,Pune,
22-Sep-24,Banana,Other,800,1600,1200,Pune,Pune,
23-Sep-24,Banana,Other,800,1600,1200,Pune,Pune,
7-Oct-24,Banana,Other,800,2000,1400,Pune,Pune,
10-Oct-24,Banana,Other,800,14000,1100,Pune,Pune,
1-Oct-24,Banana,Other,1000,2000,1500,Pune,Pune,
6-Oct-24,Banana,Other,1000,2000,1500,Pune,Pune,
5-May-25,Banana,Other,500,1500,1000,Pune,Pune,
14-Feb-25,Banana,Other,500,1500,1000,Pune,Pune,
25-Apr-25,Banana,Other,500,1500,1000,Pune,Pune,
5-Jun-25,Banana,Other,500,2000,1200,Pune,Pune,
7-Apr-25,Banana,Other,500,2000,1200,Pune,Pune,
30-Mar-25,Banana,Other,500,2000,1200,Pune,Pune,
31-Oct-24,Banana,Other,800,1200,1000,Pune,Pune,
8-Jan-25,Banana,Other,800,1600,1200,Pune,Pune,
9-Oct-24,Banana,Other,800,1600,1200,Pune,Pune,
25-Jul-25,Banana,Other,1000,2000,1500,Pune,Pune,
11-Apr-25,Banana,Other,500,1500,1000,Pune,Pune,
22-Jun-25,Banana,Other,500,1500,1000,Pune,Pune,
23-May-25,Banana,Other,500,1500,1000,Pune,Pune,
30-Jun-25,Banana,Other,500,1500,1000,Pune,Pune,
7-May-25,Banana,Other,500,2000,1200,Pune,Pune,
17-Mar-25,Banana,Other,500,2500,1500,Pune,Pune,
6-Dec-24,Banana,Other,800,1400,1100,Pune,Pune,
9-Sep-24,Banana,Other,800,2000,1400,Pune,Pune,
4-Apr-25,Banana,Other,500,1500,1000,Pune,Pune,
27-Jun-25,Banana,Other,500,1500,1000,Pune,Pune,
29-Apr-25,Banana,Other,500,1500,1000,Pune,Pune,
3-Jul-25,Banana,Other,500,2000,1200,Pune,Pune,
3-Jun-25,Banana,Other,500,2000,1200,Pune,Pune,
7-Mar-25,Banana,Other,500,2500,1500,Pune,Pune,
16-Mar-25,Banana,Other,500,2500,1500,Pune,Pune,
24-Sep-24,Banana,Other,800,1600,1200,Pune,Pune,
14-Jan-25,Banana,Other,800,1800,1300,Pune,Pune,
20-Jan-25,Banana,Other,800,1800,1300,Pune,Pune,
27-Dec-24,Banana,Other,800,1800,1300,Pune,Pune,
30-Jul-25,Banana,Other,1000,1700,1300,Pune,Pune,
28-Apr-25,Banana,Other,500,1300,900,Pune,Pune,
16-May-25,Banana,Other,500,1500,1000,Pune,Pune,
25-Jun-25,Banana,Other,500,1500,1000,Pune,Pune,
28-Oct-24,Banana,Other,800,1200,1000,Pune,Pune,
10-Jan-25,Banana,Other,800,1400,1100,Pune,Pune,
16-Dec-24,Banana,Other,800,1400,1100,Pune,Pune,
5-Feb-25,Banana,Other,800,1600,1200,Pune,Pune,
16-Sep-24,Banana,Other,800,1600,1200,Pune,Pune,
20-Feb-25,Banana,Other,800,1600,1200,Pune,Pune,
25-Feb-25,Banana,Other,800,1800,1300,Pune,Pune,
2-Sep-24,Banana,Other,800,2000,1400,Pune,Pune,
4-Oct-24,Banana,Other,1000,2000,1500,Pune,Pune,
4-Sep-24,Banana,Other,1000,2000,1500,Pune,Pune,
4-Jan-22,Banana,Other,400,1000,700,Pune,Pune,
5-Nov-21,Banana,Other,400,1000,700,Pune,Pune,
7-Nov-21,Banana,Other,400,1000,700,Pune,Pune,
8-Dec-21,Banana,Other,400,1000,700,Pune,Pune,
10-Nov-21,Banana,Other,400,1000,700,Pune,Pune,
12-Nov-21,Banana,Other,400,1000,700,Pune,Pune,
19-Dec-21,Banana,Other,400,1000,700,Pune,Pune,
20-Oct-21,Banana,Other,400,1000,700,Pune,Pune,
21-Dec-21,Banana,Other,400,1000,700,Pune,Pune,
22-Dec-21,Banana,Other,400,1000,700,Pune,Pune,
22-Nov-21,Banana,Other,400,1000,700,Pune,Pune,
24-Oct-21,Banana,Other,400,1000,700,Pune,Pune,
28-Nov-21,Banana,Other,400,1000,700,Pune,Pune,
4-Feb-22,Banana,Other,400,1200,800,Pune,Pune,
3-May-22,Banana,Other,400,1600,1000,Pune,Pune,
13-Feb-22,Banana,Other,400,1600,1000,Pune,Pune,
13-Mar-22,Banana,Other,400,1600,1000,Pune,Pune,
14-Oct-21,Banana,Other,400,1600,1000,Pune,Pune,
17-Mar-22,Banana,Other,400,1600,1000,Pune,Pune,
19-Apr-22,Banana,Other,400,1600,1000,Pune,Pune,
23-Jan-22,Banana,Other,400,1600,1000,Pune,Pune,
24-Dec-21,Banana,Other,400,1600,1000,Pune,Pune,
27-Dec-21,Banana,Other,400,1600,1000,Pune,Pune,
30-Sep-21,Banana,Other,400,1600,1000,Pune,Pune,
15-May-22,Banana,Other,500,1500,1000,Pune,Pune,
19-May-22,Banana,Other,500,1500,1000,Pune,Pune,
3-Feb-22,Banana,Other,600,1200,900,Pune,Pune,
19-Jan-22,Banana,Other,600,1200,900,Pune,Pune,
2-Nov-23,Banana,Other,800,1200,1000,Pune,Pune,
2-Oct-23,Banana,Other,800,1200,1000,Pune,Pune,
4-Aug-23,Banana,Other,800,1200,1000,Pune,Pune,
5-Jun-23,Banana,Other,800,1200,1000,Pune,Pune,
5-Oct-23,Banana,Other,800,1200,1000,Pune,Pune,
6-Sep-23,Banana,Other,800,1200,1000,Pune,Pune,
8-Aug-23,Banana,Other,800,1200,1000,Pune,Pune,
9-Aug-23,Banana,Other,800,1200,1000,Pune,Pune,
9-Jan-22,Banana,Other,800,1200,1000,Pune,Pune,
9-Jul-23,Banana,Other,800,1200,1000,Pune,Pune,
9-Oct-23,Banana,Other,800,1200,1000,Pune,Pune,
12-May-23,Banana,Other,800,1200,1000,Pune,Pune,
13-Jul-23,Banana,Other,800,1200,1000,Pune,Pune,
13-Oct-23,Banana,Other,800,1200,1000,Pune,Pune,
14-Aug-22,Banana,Other,800,1200,1000,Pune,Pune,
14-Jul-23,Banana,Other,800,1200,1000,Pune,Pune,
14-Jun-23,Banana,Other,800,1200,1000,Pune,Pune,
14-Nov-21,Banana,Other,800,1200,1000,Pune,Pune,
14-Sep-23,Banana,Other,800,1200,1000,Pune,Pune,
15-Sep-22,Banana,Other,800,1200,1000,Pune,Pune,
15-Sep-23,Banana,Other,800,1200,1000,Pune,Pune,
16-Aug-22,Banana,Other,800,1200,1000,Pune,Pune,
16-Jul-23,Banana,Other,800,1200,1000,Pune,Pune,
16-May-23,Banana,Other,800,1200,1000,Pune,Pune,
16-Oct-22,Banana,Other,800,1200,1000,Pune,Pune,
17-Aug-22,Banana,Other,800,1200,1000,Pune,Pune,
17-Jul-23,Banana,Other,800,1200,1000,Pune,Pune,
17-Nov-21,Banana,Other,800,1200,1000,Pune,Pune,
18-Oct-23,Banana,Other,800,1200,1000,Pune,Pune,
19-Aug-22,Banana,Other,800,1200,1000,Pune,Pune,
20-Aug-23,Banana,Other,800,1200,1000,Pune,Pune,
21-Aug-22,Banana,Other,800,1200,1000,Pune,Pune,
21-Nov-21,Banana,Other,800,1200,1000,Pune,Pune,
22-Aug-23,Banana,Other,800,1200,1000,Pune,Pune,
22-Jan-23,Banana,Other,800,1200,1000,Pune,Pune,
23-Aug-22,Banana,Other,800,1200,1000,Pune,Pune,
23-Jul-23,Banana,Other,800,1200,1000,Pune,Pune,
24-Feb-22,Banana,Other,800,1200,1000,Pune,Pune,
25-Apr-23,Banana,Other,800,1200,1000,Pune,Pune,
25-Aug-22,Banana,Other,800,1200,1000,Pune,Pune,
27-Apr-23,Banana,Other,800,1200,1000,Pune,Pune,
27-Jul-23,Banana,Other,800,1200,1000,Pune,Pune,
28-Nov-23,Banana,Other,800,1200,1000,Pune,Pune,
30-Aug-23,Banana,Other,800,1200,1000,Pune,Pune,
1-Oct-23,Banana,Other,800,1400,1100,Pune,Pune,
2-Jun-23,Banana,Other,800,1400,1100,Pune,Pune,
4-Dec-24,Banana,Other,800,1400,1100,Pune,Pune,
7-Jun-23,Banana,Other,800,1400,1100,Pune,Pune,
8-Nov-23,Banana,Other,800,1400,1100,Pune,Pune,
9-May-23,Banana,Other,800,1400,1100,Pune,Pune,
11-May-23,Banana,Other,800,1400,1100,Pune,Pune,
14-May-23,Banana,Other,800,1400,1100,Pune,Pune,
23-Apr-23,Banana,Other,800,1400,1100,Pune,Pune,
23-Nov-23,Banana,Other,800,1400,1100,Pune,Pune,
26-Apr-23,Banana,Other,800,1400,1100,Pune,Pune,
26-May-23,Banana,Other,800,1400,1100,Pune,Pune,
29-Aug-23,Banana,Other,800,1400,1100,Pune,Pune,
31-Jul-23,Banana,Other,800,1400,1100,Pune,Pune,
17-Nov-23,Banana,Other,800,1500,1100,Pune,Pune,
17-Feb-22,Banana,Other,800,1500,1200,Pune,Pune,
21-Apr-23,Banana,Other,800,1500,1200,Pune,Pune,
3-May-23,Banana,Other,800,1600,1200,Pune,Pune,
12-Sep-23,Banana,Other,800,1600,1200,Pune,Pune,
16-Nov-23,Banana,Other,800,1600,1200,Pune,Pune,
19-Mar-23,Banana,Other,800,1600,1200,Pune,Pune,
22-Nov-24,Banana,Other,800,1600,1200,Pune,Pune,
26-Oct-23,Banana,Other,800,1600,1200,Pune,Pune,
26-Sep-23,Banana,Other,800,1600,1200,Pune,Pune,
9-Mar-25,Banana,Other,800,2000,1400,Pune,Pune,
31-Mar-22,Banana,Other,800,2000,1400,Pune,Pune,
2-Oct-22,Banana,Other,1000,1300,1200,Pune,Pune,
3-Feb-23,Banana,Other,1000,1400,1200,Pune,Pune,
14-Feb-23,Banana,Other,1000,1400,1200,Pune,Pune,
15-Nov-22,Banana,Other,1000,1400,1200,Pune,Pune,
16-Dec-22,Banana,Other,1000,1400,1200,Pune,Pune,
17-Jan-23,Banana,Other,1000,1400,1200,Pune,Pune,
20-Nov-22,Banana,Other,1000,1400,1200,Pune,Pune,
25-Dec-22,Banana,Other,1000,1400,1200,Pune,Pune,
26-Feb-23,Banana,Other,1000,1400,1200,Pune,Pune,
27-Nov-22,Banana,Other,1000,1400,1200,Pune,Pune,
19-Oct-23,Banana,Other,1000,1500,1200,Pune,Pune,
21-Sep-23,Banana,Other,1000,1500,1200,Pune,Pune,
27-Sep-24,Banana,Other,1000,1500,1200,Pune,Pune,
29-Sep-22,Banana,Other,1000,1600,1300,Pune,Pune,
28-Sep-22,Banana,Other,1000,2000,1500,Pune,Pune,
25-Sep-22,Banana,Other,1000,2600,1800,Pune,Pune,
4-Mar-25,Banana,Other,500,1500,1000,Pune,Pune,
20-Jun-25,Banana,Other,500,1500,1000,Pune,Pune,
9-May-25,Banana,Other,500,2000,1200,Pune,Pune,
8-Nov-24,Banana,Other,800,1400,1100,Pune,Pune,
13-Oct-24,Banana,Other,800,1400,1100,Pune,Pune,
4-Feb-25,Banana,Other,800,1500,1100,Pune,Pune,
18-Dec-24,Banana,Other,800,1500,1100,Pune,Pune,
19-Nov-24,Banana,Other,800,1600,1200,Pune,Pune,
22-Jan-25,Banana,Other,800,1600,1200,Pune,Pune,
26-Dec-24,Banana,Other,800,1600,1200,Pune,Pune,
31-Jul-25,Banana,Other,1000,1600,1300,Pune,Pune,
4-Jul-25,Banana,Other,1000,2000,1500,Pune,Pune,
1-Apr-25,Banana,Other,500,1500,1000,Pune,Pune,
27-Mar-25,Banana,Other,500,1500,1000,Pune,Pune,
16-Oct-24,Banana,Other,800,1400,1100,Pune,Pune,
29-Jan-25,Banana,Other,800,1600,1200,Pune,Pune,
3-Jan-25,Banana,Other,800,1800,1300,Pune,Pune,
15-Dec-24,Banana,Other,800,2000,1400,Pune,Pune,
27-Jul-25,Banana,Other,1000,2000,1500,Pune,Pune,
15-Apr-25,Banana,Other,500,1300,900,Pune,Pune,
2-May-25,Banana,Other,500,1500,1000,Pune,Pune,
18-Jun-25,Banana,Other,500,1800,1100,Pune,Pune,
1-Jul-25,Banana,Other,500,2000,1200,Pune,Pune,
9-Apr-25,Banana,Other,500,2000,1200,Pune,Pune,
13-Jun-25,Banana,Other,500,2000,1200,Pune,Pune,
10-Mar-25,Banana,Other,500,2500,1500,Pune,Pune,
26-Mar-25,Banana,Other,500,2500,1500,Pune,Pune,
6-Nov-24,Banana,Other,800,1200,1000,Pune,Pune,
7-Feb-25,Banana,Other,800,1500,1100,Pune,Pune,
11-Sep-24,Banana,Other,1000,2000,1500,Pune,Pune,
22-Jul-25,Banana,Other,1000,2000,1500,Pune,Pune,
6-Jun-25,Banana,Other,500,1700,1100,Pune,Pune,
11-Mar-25,Banana,Other,500,2500,1500,Pune,Pune,
13-Mar-25,Banana,Other,500,2500,1500,Pune,Pune,
11-Dec-24,Banana,Other,800,1400,1100,Pune,Pune,
18-Nov-24,Banana,Other,800,1400,1100,Pune,Pune,
24-Dec-24,Banana,Other,800,1400,1100,Pune,Pune,
26-Nov-24,Banana,Other,800,1400,1100,Pune,Pune,
21-Nov-24,Banana,Other,800,1600,1200,Pune,Pune,
15-Nov-24,Banana,Other,800,2000,1400,Pune,Pune,
21-Feb-25,Banana,Other,800,2000,1400,Pune,Pune,
5-Sep-24,Banana,Other,1000,2000,1500,Pune,Pune,
29-Jul-25,Banana,Other,1000,2000,1500,Pune,Pune,
17-Jun-25,Banana,Other,500,1700,1100,Pune,Pune,
5-Dec-24,Banana,Other,800,1200,1000,Pune,Pune,
30-Oct-24,Banana,Other,5000,7000,6000,Pune,Pune,
13-Feb-25,Banana,Other,500,1500,1000,Pune,Pune,
17-Apr-25,Banana,Other,500,1500,1000,Pune,Pune,
2-Mar-25,Banana,Other,500,2000,1200,Pune,Pune,
2-Jan-25,Banana,Other,800,1200,1000,Pune,Pune,
23-Jan-25,Banana,Other,800,1600,1200,Pune,Pune,
18-Apr-25,Banana,Other,500,1500,1000,Pune,Pune,
24-Apr-25,Banana,Other,500,1700,1100,Pune,Pune,
28-Mar-25,Banana,Other,500,2500,1500,Pune,Pune,
31-Dec-24,Banana,Other,800,2000,1400,Pune,Pune,
22-Apr-25,Banana,Other,500,1500,1000,Pune,Pune,
5-Nov-24,Banana,Other,800,1200,1000,Pune,Pune,
8-Dec-24,Banana,Other,800,1400,1100,Pune,Pune,
17-Jul-25,Banana,Other,1000,2000,1500,Pune,Pune,
2-Oct-24,Banana,Other,1000,3000,2000,Pune,Pune,
6-Feb-25,Banana,Other,600,1400,1000,Pune,Pune,
30-Jan-25,Banana,Other,800,2000,1400,Pune,Pune,
5-Oct-21,Banana,Other,400,1600,1000,Pune,Pune,
6-Oct-21,Banana,Other,400,1600,1000,Pune,Pune,
10-Apr-22,Banana,Other,400,1600,1000,Pune,Pune,
14-Dec-21,Banana,Other,400,1600,1000,Pune,Pune,
17-Oct-21,Banana,Other,400,1600,1000,Pune,Pune,
19-Oct-21,Banana,Other,400,1600,1000,Pune,Pune,
7-Oct-21,Banana,Other,500,1500,1000,Pune,Pune,
10-Apr-25,Banana,Other,500,1500,1000,Pune,Pune,
26-Jun-25,Banana,Other,500,1500,1000,Pune,Pune,
15-Jul-25,Banana,Other,500,1600,1100,Pune,Pune,
16-Jun-25,Banana,Other,500,1700,1100,Pune,Pune,
25-Mar-25,Banana,Other,500,2500,1500,Pune,Pune,
4-May-23,Banana,Other,800,1200,1000,Pune,Pune,
8-Oct-23,Banana,Other,800,1200,1000,Pune,Pune,
10-Aug-23,Banana,Other,800,1200,1000,Pune,Pune,
13-Aug-23,Banana,Other,800,1200,1000,Pune,Pune,
16-Nov-21,Banana,Other,800,1200,1000,Pune,Pune,
17-Oct-23,Banana,Other,800,1200,1000,Pune,Pune,
17-Sep-23,Banana,Other,800,1200,1000,Pune,Pune,
21-Mar-23,Banana,Other,800,1200,1000,Pune,Pune,
30-Jul-23,Banana,Other,800,1200,1000,Pune,Pune,
2-May-23,Banana,Other,800,1400,1100,Pune,Pune,
6-Jun-23,Banana,Other,800,1400,1100,Pune,Pune,
7-Jan-25,Banana,Other,800,1400,1100,Pune,Pune,
11-Jun-23,Banana,Other,800,1400,1100,Pune,Pune,
21-Nov-23,Banana,Other,800,1400,1100,Pune,Pune,
28-Nov-24,Banana,Other,800,1400,1100,Pune,Pune,
28-Sep-23,Banana,Other,800,1400,1100,Pune,Pune,
4-Oct-23,Banana,Other,800,1500,1100,Pune,Pune,
21-May-23,Banana,Other,800,1500,1200,Pune,Pune,
18-Jun-23,Banana,Other,800,1600,1200,Pune,Pune,
21-Oct-24,Banana,Other,800,1600,1200,Pune,Pune,
20-Sep-23,Banana,Other,800,1800,1300,Pune,Pune,
28-Jan-25,Banana,Other,800,2000,1400,Pune,Pune,
12-Feb-23,Banana,Other,1000,1400,1200,Pune,Pune,
22-Nov-22,Banana,Other,1000,1400,1200,Pune,Pune,
6-Nov-22,Banana,Other,1000,1500,1300,Pune,Pune,
13-Nov-22,Banana,Other,1000,1500,1300,Pune,Pune,
23-Oct-24,Banana,Other,1000,2000,1500,Pune,Pune,
10-Jun-25,Banana,Other,500,1600,1000,Pune,Pune,
9-Jan-25,Banana,Other,800,1600,1200,Pune,Pune,
24-Jun-25,Banana,Other,1000,1500,1200,Pune,Pune,
7-Nov-24,Banana,Other,800,1300,1000,Pune,Pune,
24-Nov-24,Banana,Other,800,1400,1100,Pune,Pune,
29-Oct-24,Banana,Other,800,1400,1100,Pune,Pune,
3-Feb-25,Banana,Other,800,1600,1200,Pune,Pune,
10-Sep-24,Banana,Other,800,1600,1200,Pune,Pune,
17-Jan-25,Banana,Other,800,1600,1200,Pune,Pune,
21-Jan-25,Banana,Other,800,2000,1400,Pune,Pune,
3-Apr-25,Banana,Other,500,1500,1000,Pune,Pune,
19-Jun-25,Banana,Other,500,1500,1000,Pune,Pune,
3-Dec-24,Banana,Other,800,1400,1100,Pune,Pune,
14-Apr-24,Banana,Other,800,1400,1100,Pune,Pune,
24-Jan-25,Banana,Other,800,1500,1100,Pune,Pune,
16-Jan-25,Banana,Other,800,1600,1200,Pune,Pune,
25-Oct-24,Banana,Other,800,2000,1400,Pune,Pune,
18-Feb-25,Banana,Other,800,1800,1300,Pune,Pune,
16-Feb-25,Banana,Other,800,2000,1400,Pune,Pune,
13-Nov-24,Banana,Other,800,2200,1400,Pune,Pune,
12-Jun-25,Banana,Other,500,1700,1100,Pune,Pune,
11-May-25,Banana,Other,500,2000,1200,Pune,Pune,
8-Jun-25,Banana,Other,500,2100,1300,Pune,Pune,
11-Nov-24,Banana,Other,800,1600,1200,Pune,Pune,
15-Sep-24,Banana,Other,800,1800,1300,Pune,Pune,
23-Feb-25,Banana,Other,800,2000,1400,Pune,Pune,
12-Mar-25,Banana,Other,500,2500,1500,Pune,Pune,
10-Dec-24,Banana,Other,800,1200,1000,Pune,Pune,
19-Sep-24,Banana,Other,800,1600,1200,Pune,Pune,
29-Dec-24,Banana,Other,800,1800,1300,Pune,Pune,
3-Oct-24,Banana,Other,1000,2000,1500,Pune,Pune,
12-Jan-25,Banana,Other,800,1400,1100,Pune,Pune,
14-Nov-24,Banana,Other,800,2000,1400,Pune,Pune,
18-Mar-25,Banana,Other,500,2500,1500,Pune,Pune,
27-Jan-25,Banana,Other,800,1600,1200,Pune,Pune,
31-Oct-21,Banana,Other,400,1000,700,Pune,Pune,
20-Mar-22,Banana,Other,400,1600,1000,Pune,Pune,
19-Mar-25,Banana,Other,500,2500,1500,Pune,Pune,
20-Mar-25,Banana,Other,500,2500,1500,Pune,Pune,
21-Oct-21,Banana,Other,600,1000,800,Pune,Pune,
5-May-23,Banana,Other,800,1200,1000,Pune,Pune,
7-May-23,Banana,Other,800,1200,1000,Pune,Pune,
22-Oct-23,Banana,Other,800,1200,1000,Pune,Pune,
30-Apr-23,Banana,Other,800,1200,1000,Pune,Pune,
4-Jun-23,Banana,Other,800,1400,1100,Pune,Pune,
8-Jun-23,Banana,Other,800,1400,1100,Pune,Pune,
18-Apr-23,Banana,Other,800,1400,1100,Pune,Pune,
10-Oct-23,Banana,Other,800,1500,1200,Pune,Pune,
2-Aug-23,Banana,Other,800,1600,1200,Pune,Pune,
19-Dec-24,Banana,Other,800,1600,1200,Pune,Pune,
24-Jul-25,Banana,Other,1000,1800,1400,Pune,Pune,
2-Apr-25,Banana,Other,500,1500,1000,Pune,Pune,
17-Oct-24,Banana,Other,800,1400,1100,Pune,Pune,
2-Feb-25,Banana,Other,800,1600,1200,Pune,Pune,
16-Jul-25,Banana,Other,500,1600,1000,Pune,Pune,
22-Dec-24,Banana,Other,800,1400,1100,Pune,Pune,
3-Nov-24,Banana,Other,800,1200,1000,Pune,Pune,
4-May-25,Banana,Other,500,1500,1000,Pune,Pune,
8-Apr-25,Banana,Other,500,2000,1200,Pune,Pune,
6-Mar-25,Banana,Other,500,2500,1500,Pune,Pune,
5-Jan-25,Banana,Other,800,1200,1000,Pune,Pune,
17-Nov-24,Banana,Other,800,1600,1200,Pune,Pune,
29-Jun-25,Banana,Other,500,1500,1000,Pune,Pune,
23-Mar-25,Banana,Other,500,2500,1500,Pune,Pune,
10-Nov-24,Banana,Other,1000,2000,1500,Pune,Pune,
20-Apr-25,Banana,Other,500,1600,1100,Pune,Pune,
6-Apr-25,Banana,Other,500,1500,1000,Pune,Pune,
29-Jan-23,Banana,Other,1000,1400,1200,Pune,Pune,
21-Apr-24,Banana,Other,1500,2500,2000,Pune,Pune,
15-Jun-25,Banana,Other,500,1700,1100,Pune,Pune,
29-Sep-24,Banana,Other,1000,2000,1500,Pune,Pune,
24-Oct-24,Banana,Other,1000,2000,1500,Pune,Pune,
22-Oct-24,Banana,Other,800,1600,1200,Pune,Pune,
27-Apr-25,Banana,Other,1000,2000,1500,Pune,Pune,
18-Oct-24,Banana,Other,800,1400,1100,Pune,Pune,
8-Sep-24,Banana,Other,800,1600,1200,Pune,Pune,
13-Apr-25,Banana,Other,500,1500,1000,Pune,Pune,
6-Aug-23,Banana,Other,800,1200,1000,Pune,Pune,
6-Jul-25,Banana,Other,1000,2000,1500,Pune,Pune,
19-Jan-25,Banana,Other,800,1600,1200,Pune,Pune,
20-Oct-24,Banana,Other,800,1400,1100,Pune,Pune,
9-Feb-25,Banana,Other,800,1700,1200,Pune,Pune,
26-Nov-23,Banana,Other,800,1600,1200,Pune,Pune,
12-Nov-24,Banana,Other,800,1600,1200,Pune,Pune,
10-Jul-25,Banana,Other,500,1500,1000,Pune,Pune,
27-Oct-24,Banana,Other,800,1400,1100,Pune,Pune,
31-Jan-25,Banana,Other,800,1800,1300,Pune,Pune,
13-Jul-25,Banana,Other,500,1500,1000,Pune,Pune,
26-Oct-21,Banana,Other,400,1000,700,Pune,Pune,
23-Aug-23,Banana,Other,800,1200,1000,Pune,Pune,
27-Dec-24,Banana,Other,5000,5000,5000,Pune,Pune(Moshi),
3-Dec-21,Banana,Other,1000,2000,1500,Pune,Pune(Moshi),
7-Nov-21,Banana,Other,1000,2000,1500,Pune,Pune(Moshi),
19-Mar-22,Banana,Other,1000,2000,1500,Pune,Pune(Moshi),
15-Apr-22,Banana,Other,1000,3000,2000,Pune,Pune(Moshi),
20-Mar-22,Banana,Other,1000,3000,2000,Pune,Pune(Moshi),
24-Oct-23,Banana,Other,1500,1500,1500,Pune,Pune(Moshi),
21-May-22,Banana,Other,1500,4000,2750,Pune,Pune(Moshi),
27-May-22,Banana,Other,1500,4000,2750,Pune,Pune(Moshi),
2-Oct-23,Banana,Other,1500,5000,3250,Pune,Pune(Moshi),
11-Feb-23,Banana,Other,1500,5000,3250,Pune,Pune(Moshi),
12-Jan-23,Banana,Other,1500,5000,3250,Pune,Pune(Moshi),
30-Jan-23,Banana,Other,1500,5000,3250,Pune,Pune(Moshi),
25-Oct-22,Banana,Other,1500,6000,3750,Pune,Pune(Moshi),
29-May-22,Banana,Other,1600,5000,3300,Pune,Pune(Moshi),
27-Jun-22,Banana,Other,2000,4000,3000,Pune,Pune(Moshi),
27-Feb-23,Banana,Other,2000,5000,3500,Pune,Pune(Moshi),
3-Nov-23,Banana,Other,2000,7000,4500,Pune,Pune(Moshi),
19-Jul-22,Banana,Other,2000,7000,4500,Pune,Pune(Moshi),
23-Jul-22,Banana,Other,2000,7000,4500,Pune,Pune(Moshi),
11-Jul-22,Banana,Other,2500,7000,4750,Pune,Pune(Moshi),
7-May-22,Banana,Other,3000,4000,3500,Pune,Pune(Moshi),
14-May-22,Banana,Other,3000,5000,4000,Pune,Pune(Moshi),
9-Feb-25,Banana,Other,2000,5000,3500,Pune,Pune(Moshi),
10-Oct-24,Banana,Other,3000,7000,5000,Pune,Pune(Moshi),
19-Jul-25,Banana,Other,1500,7000,4250,Pune,Pune(Moshi),
7-Dec-24,Banana,Other,2000,5000,3500,Pune,Pune(Moshi),
4-Dec-21,Banana,Other,600,1000,800,Pune,Pune(Moshi),
27-Dec-21,Banana,Other,700,1000,850,Pune,Pune(Moshi),
15-Nov-21,Banana,Other,700,2000,1350,Pune,Pune(Moshi),
18-Jan-22,Banana,Other,1000,1500,1250,Pune,Pune(Moshi),
2-Jan-22,Banana,Other,1000,2000,1500,Pune,Pune(Moshi),
5-Dec-21,Banana,Other,1000,2000,1500,Pune,Pune(Moshi),
8-Oct-21,Banana,Other,1000,2000,1500,Pune,Pune(Moshi),
11-Sep-21,Banana,Other,1000,2000,1500,Pune,Pune(Moshi),
12-Mar-22,Banana,Other,1000,2000,1500,Pune,Pune(Moshi),
14-Mar-22,Banana,Other,1000,2000,1500,Pune,Pune(Moshi),
14-Sep-21,Banana,Other,1000,2000,1500,Pune,Pune(Moshi),
16-Nov-21,Banana,Other,1000,2000,1500,Pune,Pune(Moshi),
19-Oct-21,Banana,Other,1000,2000,1500,Pune,Pune(Moshi),
2-Apr-22,Banana,Other,1200,1800,1500,Pune,Pune(Moshi),
8-Nov-22,Banana,Other,1400,5000,3200,Pune,Pune(Moshi),
6-May-23,Banana,Other,1500,1500,1500,Pune,Pune(Moshi),
8-Jul-23,Banana,Other,1500,1500,1500,Pune,Pune(Moshi),
15-May-22,Banana,Other,1500,1600,1550,Pune,Pune(Moshi),
4-Apr-22,Banana,Other,1500,3000,2250,Pune,Pune(Moshi),
9-Apr-22,Banana,Other,1500,3000,2250,Pune,Pune(Moshi),
21-Feb-23,Banana,Other,1500,4000,2750,Pune,Pune(Moshi),
23-May-22,Banana,Other,1500,4000,2750,Pune,Pune(Moshi),
3-Dec-22,Banana,Other,1500,5000,3250,Pune,Pune(Moshi),
3-Feb-23,Banana,Other,1500,5000,3250,Pune,Pune(Moshi),
4-Jul-22,Banana,Other,1500,5000,3250,Pune,Pune(Moshi),
7-Jan-23,Banana,Other,1500,5000,3250,Pune,Pune(Moshi),
8-Jan-23,Banana,Other,1500,5000,3250,Pune,Pune(Moshi),
10-Dec-22,Banana,Other,1500,5000,3250,Pune,Pune(Moshi),
10-Jun-22,Banana,Other,1500,5000,3250,Pune,Pune(Moshi),
11-Jun-22,Banana,Other,1500,5000,3250,Pune,Pune(Moshi),
11-Nov-22,Banana,Other,1500,5000,3250,Pune,Pune(Moshi),
11-Oct-22,Banana,Other,1500,5000,3250,Pune,Pune(Moshi),
14-Jan-23,Banana,Other,1500,5000,3250,Pune,Pune(Moshi),
17-Jan-23,Banana,Other,1500,5000,3250,Pune,Pune(Moshi),
19-Dec-22,Banana,Other,1500,5000,3250,Pune,Pune(Moshi),
19-Feb-23,Banana,Other,1500,5000,3250,Pune,Pune(Moshi),
20-Dec-22,Banana,Other,1500,5000,3250,Pune,Pune(Moshi),
20-Feb-23,Banana,Other,1500,5000,3250,Pune,Pune(Moshi),
22-May-22,Banana,Other,1500,5000,3250,Pune,Pune(Moshi),
23-Dec-22,Banana,Other,1500,5000,3250,Pune,Pune(Moshi),
24-Apr-23,Banana,Other,1500,5000,3250,Pune,Pune(Moshi),
24-Jan-23,Banana,Other,1500,5000,3250,Pune,Pune(Moshi),
26-Dec-22,Banana,Other,1500,5000,3250,Pune,Pune(Moshi),
26-May-22,Banana,Other,1500,5000,3250,Pune,Pune(Moshi),
31-Jan-23,Banana,Other,1500,5000,3250,Pune,Pune(Moshi),
5-Sep-22,Banana,Other,1500,6000,3750,Pune,Pune(Moshi),
20-Aug-22,Banana,Other,1500,6000,3750,Pune,Pune(Moshi),
23-Aug-22,Banana,Other,1500,6000,3750,Pune,Pune(Moshi),
1-Nov-22,Banana,Other,1500,7000,4250,Pune,Pune(Moshi),
4-Nov-22,Banana,Other,1500,7000,4250,Pune,Pune(Moshi),
8-Oct-22,Banana,Other,1600,1600,1600,Pune,Pune(Moshi),
2-Jun-22,Banana,Other,1600,4000,2800,Pune,Pune(Moshi),
10-May-22,Banana,Other,1600,5000,3300,Pune,Pune(Moshi),
31-May-22,Banana,Other,1700,5000,3350,Pune,Pune(Moshi),
23-Sep-23,Banana,Other,2000,2000,2000,Pune,Pune(Moshi),
24-May-22,Banana,Other,2000,2000,2000,Pune,Pune(Moshi),
25-Jun-22,Banana,Other,2000,2000,2000,Pune,Pune(Moshi),
17-Mar-22,Banana,Other,2000,3000,2500,Pune,Pune(Moshi),
17-May-22,Banana,Other,2000,3000,2500,Pune,Pune(Moshi),
19-Apr-22,Banana,Other,2000,3000,2500,Pune,Pune(Moshi),
21-Mar-22,Banana,Other,2000,3000,2500,Pune,Pune(Moshi),
26-Mar-22,Banana,Other,2000,3000,2500,Pune,Pune(Moshi),
28-Mar-22,Banana,Other,2000,3000,2500,Pune,Pune(Moshi),
29-Apr-22,Banana,Other,2000,3000,2500,Pune,Pune(Moshi),
28-May-22,Banana,Other,2000,4000,3000,Pune,Pune(Moshi),
5-Mar-23,Banana,Other,2000,5000,3500,Pune,Pune(Moshi),
6-Aug-22,Banana,Other,2000,5000,3500,Pune,Pune(Moshi),
8-Jul-22,Banana,Other,2000,5000,3500,Pune,Pune(Moshi),
17-Jun-22,Banana,Other,2000,5000,3500,Pune,Pune(Moshi),
9-Aug-22,Banana,Other,2000,6000,4000,Pune,Pune(Moshi),
12-Jun-22,Banana,Other,2000,6000,4000,Pune,Pune(Moshi),
13-Aug-22,Banana,Other,2000,6000,4000,Pune,Pune(Moshi),
13-Nov-23,Banana,Other,2000,6000,4000,Pune,Pune(Moshi),
15-Jul-22,Banana,Other,2000,6000,4000,Pune,Pune(Moshi),
21-Jul-22,Banana,Other,2000,6000,4000,Pune,Pune(Moshi),
26-Jun-22,Banana,Other,2000,6000,4000,Pune,Pune(Moshi),
28-Jun-22,Banana,Other,2000,6000,4000,Pune,Pune(Moshi),
30-Jul-22,Banana,Other,2000,6000,4000,Pune,Pune(Moshi),
26-Aug-22,Banana,Other,2000,6500,4250,Pune,Pune(Moshi),
12-Aug-22,Banana,Other,2000,7000,4500,Pune,Pune(Moshi),
14-Jul-22,Banana,Other,2000,7000,4500,Pune,Pune(Moshi),
16-Jul-22,Banana,Other,2000,7000,4500,Pune,Pune(Moshi),
18-Jul-22,Banana,Other,2000,7000,4500,Pune,Pune(Moshi),
19-Jun-22,Banana,Other,2000,7000,4500,Pune,Pune(Moshi),
22-Jul-22,Banana,Other,2000,7000,4500,Pune,Pune(Moshi),
29-Jul-22,Banana,Other,2000,7000,4500,Pune,Pune(Moshi),
5-Jun-22,Banana,Other,2200,5000,3600,Pune,Pune(Moshi),
4-Jun-22,Banana,Other,2200,5500,3850,Pune,Pune(Moshi),
14-Jun-22,Banana,Other,2200,6000,4100,Pune,Pune(Moshi),
25-Jul-22,Banana,Other,2200,6000,4100,Pune,Pune(Moshi),
7-Jun-22,Banana,Other,2500,2500,2500,Pune,Pune(Moshi),
26-Dec-24,Banana,Other,2500,2500,2500,Pune,Pune(Moshi),
2-Mar-23,Banana,Other,2500,4000,3250,Pune,Pune(Moshi),
8-Apr-23,Banana,Other,2500,5000,3750,Pune,Pune(Moshi),
9-Mar-23,Banana,Other,2500,5000,3750,Pune,Pune(Moshi),
9-May-23,Banana,Other,2500,5000,3750,Pune,Pune(Moshi),
10-Mar-23,Banana,Other,2500,5000,3750,Pune,Pune(Moshi),
11-Mar-23,Banana,Other,2500,5000,3750,Pune,Pune(Moshi),
18-Mar-23,Banana,Other,2500,5000,3750,Pune,Pune(Moshi),
20-Mar-23,Banana,Other,2500,5000,3750,Pune,Pune(Moshi),
23-Feb-23,Banana,Other,2500,5000,3750,Pune,Pune(Moshi),
28-Feb-23,Banana,Other,2500,5000,3750,Pune,Pune(Moshi),
29-Apr-23,Banana,Other,2500,5000,3750,Pune,Pune(Moshi),
2-Aug-22,Banana,Other,2500,7000,4750,Pune,Pune(Moshi),
12-May-22,Banana,Other,3000,5000,4000,Pune,Pune(Moshi),
1-Jul-22,Banana,Other,5000,6000,5500,Pune,Pune(Moshi),
13-Dec-24,Banana,Other,1500,5000,3250,Pune,Pune(Moshi),
2-Nov-24,Banana,Other,2000,7000,4500,Pune,Pune(Moshi),
6-Dec-22,Banana,Other,500,1500,1000,Pune,Pune(Moshi),
29-Nov-21,Banana,Other,700,1000,850,Pune,Pune(Moshi),
18-Nov-21,Banana,Other,700,2000,1350,Pune,Pune(Moshi),
24-Dec-21,Banana,Other,700,2000,1350,Pune,Pune(Moshi),
27-Mar-22,Banana,Other,700,2000,1350,Pune,Pune(Moshi),
30-Nov-21,Banana,Other,800,1000,900,Pune,Pune(Moshi),
20-May-22,Banana,Other,900,4000,2450,Pune,Pune(Moshi),
11-Dec-21,Banana,Other,1000,1000,1000,Pune,Pune(Moshi),
1-Nov-21,Banana,Other,1000,2000,1500,Pune,Pune(Moshi),
1-Oct-21,Banana,Other,1000,2000,1500,Pune,Pune(Moshi),
2-Nov-21,Banana,Other,1000,2000,1500,Pune,Pune(Moshi),
3-Apr-22,Banana,Other,1000,2000,1500,Pune,Pune(Moshi),
3-Aug-21,Banana,Other,1000,2000,1500,Pune,Pune(Moshi),
3-Jan-22,Banana,Other,1000,2000,1500,Pune,Pune(Moshi),
5-Nov-21,Banana,Other,1000,2000,1500,Pune,Pune(Moshi),
7-Aug-21,Banana,Other,1000,2000,1500,Pune,Pune(Moshi),
7-Sep-21,Banana,Other,1000,2000,1500,Pune,Pune(Moshi),
10-Aug-21,Banana,Other,1000,2000,1500,Pune,Pune(Moshi),
11-Jan-22,Banana,Other,1000,2000,1500,Pune,Pune(Moshi),
11-Mar-22,Banana,Other,1000,2000,1500,Pune,Pune(Moshi),
12-Feb-22,Banana,Other,1000,2000,1500,Pune,Pune(Moshi),
13-Mar-22,Banana,Other,1000,2000,1500,Pune,Pune(Moshi),
14-Aug-21,Banana,Other,1000,2000,1500,Pune,Pune(Moshi),
15-Mar-22,Banana,Other,1000,2000,1500,Pune,Pune(Moshi),
17-Feb-22,Banana,Other,1000,2000,1500,Pune,Pune(Moshi),
19-Feb-22,Banana,Other,1000,2000,1500,Pune,Pune(Moshi),
22-Feb-22,Banana,Other,1000,2000,1500,Pune,Pune(Moshi),
22-Jan-22,Banana,Other,1000,2000,1500,Pune,Pune(Moshi),
23-Oct-21,Banana,Other,1000,2000,1500,Pune,Pune(Moshi),
24-Feb-22,Banana,Other,1000,2000,1500,Pune,Pune(Moshi),
24-Jan-22,Banana,Other,1000,2000,1500,Pune,Pune(Moshi),
25-Feb-22,Banana,Other,1000,2000,1500,Pune,Pune(Moshi),
25-Sep-21,Banana,Other,1000,2000,1500,Pune,Pune(Moshi),
27-Feb-22,Banana,Other,1000,2000,1500,Pune,Pune(Moshi),
28-Aug-21,Banana,Other,1000,2000,1500,Pune,Pune(Moshi),
28-Jan-22,Banana,Other,1000,2000,1500,Pune,Pune(Moshi),
29-Jan-22,Banana,Other,1000,2000,1500,Pune,Pune(Moshi),
29-Oct-21,Banana,Other,1000,2000,1500,Pune,Pune(Moshi),
30-Oct-21,Banana,Other,1000,2000,1500,Pune,Pune(Moshi),
31-Jan-22,Banana,Other,1000,2000,1500,Pune,Pune(Moshi),
3-Feb-22,Banana,Other,1000,2500,1750,Pune,Pune(Moshi),
9-Jun-23,Banana,Other,1000,4000,2500,Pune,Pune(Moshi),
15-May-23,Banana,Other,1000,4000,2500,Pune,Pune(Moshi),
16-Aug-22,Banana,Other,1000,4000,2500,Pune,Pune(Moshi),
27-May-23,Banana,Other,1000,4000,2500,Pune,Pune(Moshi),
5-May-23,Banana,Other,1000,5000,3000,Pune,Pune(Moshi),
11-May-23,Banana,Other,1000,5000,3000,Pune,Pune(Moshi),
12-May-23,Banana,Other,1000,5000,3000,Pune,Pune(Moshi),
13-May-23,Banana,Other,1000,5000,3000,Pune,Pune(Moshi),
16-Dec-22,Banana,Other,1000,5000,3000,Pune,Pune(Moshi),
19-May-23,Banana,Other,1000,5000,3000,Pune,Pune(Moshi),
22-Nov-22,Banana,Other,1000,5000,3000,Pune,Pune(Moshi),
13-Apr-23,Banana,Other,1200,4000,2600,Pune,Pune(Moshi),
28-Nov-22,Banana,Other,1200,4000,2600,Pune,Pune(Moshi),
12-Jun-23,Banana,Other,1400,4000,2700,Pune,Pune(Moshi),
1-Jul-23,Banana,Other,1500,1500,1500,Pune,Pune(Moshi),
22-Oct-22,Banana,Other,1500,1500,1500,Pune,Pune(Moshi),
25-Feb-23,Banana,Other,1500,1500,1500,Pune,Pune(Moshi),
30-Jun-23,Banana,Other,1500,1500,1500,Pune,Pune(Moshi),
17-Mar-23,Banana,Other,1500,1600,1550,Pune,Pune(Moshi),
5-Nov-22,Banana,Other,1500,1700,1600,Pune,Pune(Moshi),
2-May-22,Banana,Other,1500,2000,1750,Pune,Pune(Moshi),
23-Apr-23,Banana,Other,1500,2000,1750,Pune,Pune(Moshi),
23-Apr-22,Banana,Other,1500,2500,2000,Pune,Pune(Moshi),
5-May-22,Banana,Other,1500,3000,2250,Pune,Pune(Moshi),
12-Aug-21,Banana,Other,1500,3000,2250,Pune,Pune(Moshi),
3-May-22,Banana,Other,1500,4000,2750,Pune,Pune(Moshi),
5-Feb-23,Banana,Other,1500,4000,2750,Pune,Pune(Moshi),
15-Apr-23,Banana,Other,1500,4000,2750,Pune,Pune(Moshi),
18-Apr-22,Banana,Other,1500,4000,2750,Pune,Pune(Moshi),
28-Apr-22,Banana,Other,1500,4000,2750,Pune,Pune(Moshi),
30-Apr-22,Banana,Other,1500,4000,2750,Pune,Pune(Moshi),
16-Apr-22,Banana,Other,1500,4500,3000,Pune,Pune(Moshi),
17-Apr-22,Banana,Other,1500,4500,3000,Pune,Pune(Moshi),
22-Apr-22,Banana,Other,1500,4500,3000,Pune,Pune(Moshi),
1-Jan-23,Banana,Other,1500,5000,3250,Pune,Pune(Moshi),
3-Jan-23,Banana,Other,1500,5000,3250,Pune,Pune(Moshi),
4-Feb-23,Banana,Other,1500,5000,3250,Pune,Pune(Moshi),
5-Dec-22,Banana,Other,1500,5000,3250,Pune,Pune(Moshi),
6-Feb-23,Banana,Other,1500,5000,3250,Pune,Pune(Moshi),
6-Jan-23,Banana,Other,1500,5000,3250,Pune,Pune(Moshi),
7-Feb-23,Banana,Other,1500,5000,3250,Pune,Pune(Moshi),
9-Dec-22,Banana,Other,1500,5000,3250,Pune,Pune(Moshi),
11-Dec-22,Banana,Other,1500,5000,3250,Pune,Pune(Moshi),
12-Nov-22,Banana,Other,1500,5000,3250,Pune,Pune(Moshi),
13-Dec-22,Banana,Other,1500,5000,3250,Pune,Pune(Moshi),
13-Feb-23,Banana,Other,1500,5000,3250,Pune,Pune(Moshi),
13-Nov-22,Banana,Other,1500,5000,3250,Pune,Pune(Moshi),
14-Aug-22,Banana,Other,1500,5000,3250,Pune,Pune(Moshi),
17-Dec-22,Banana,Other,1500,5000,3250,Pune,Pune(Moshi),
18-Dec-22,Banana,Other,1500,5000,3250,Pune,Pune(Moshi),
18-Nov-22,Banana,Other,1500,5000,3250,Pune,Pune(Moshi),
19-Jan-23,Banana,Other,1500,5000,3250,Pune,Pune(Moshi),
19-Jun-23,Banana,Other,1500,5000,3250,Pune,Pune(Moshi),
20-Jan-23,Banana,Other,1500,5000,3250,Pune,Pune(Moshi),
21-Aug-22,Banana,Other,1500,5000,3250,Pune,Pune(Moshi),
21-Jan-23,Banana,Other,1500,5000,3250,Pune,Pune(Moshi),
21-Nov-22,Banana,Other,1500,5000,3250,Pune,Pune(Moshi),
24-Dec-22,Banana,Other,1500,5000,3250,Pune,Pune(Moshi),
26-Nov-22,Banana,Other,1500,5000,3250,Pune,Pune(Moshi),
27-Jan-23,Banana,Other,1500,5000,3250,Pune,Pune(Moshi),
28-Jan-23,Banana,Other,1500,5000,3250,Pune,Pune(Moshi),
29-Dec-22,Banana,Other,1500,5000,3250,Pune,Pune(Moshi),
29-Jan-23,Banana,Other,1500,5000,3250,Pune,Pune(Moshi),
30-Dec-22,Banana,Other,1500,5000,3250,Pune,Pune(Moshi),
2-Sep-22,Banana,Other,1500,6000,3750,Pune,Pune(Moshi),
6-Nov-22,Banana,Other,1500,6000,3750,Pune,Pune(Moshi),
9-Sep-22,Banana,Other,1500,6000,3750,Pune,Pune(Moshi),
25-Aug-22,Banana,Other,1500,6000,3750,Pune,Pune(Moshi),
27-Aug-22,Banana,Other,1500,6000,3750,Pune,Pune(Moshi),
10-Oct-22,Banana,Other,1500,7000,4250,Pune,Pune(Moshi),
13-Sep-22,Banana,Other,1500,7000,4250,Pune,Pune(Moshi),
14-Oct-22,Banana,Other,1500,7000,4250,Pune,Pune(Moshi),
15-Oct-22,Banana,Other,1500,7000,4250,Pune,Pune(Moshi),
21-Oct-22,Banana,Other,1500,7000,4250,Pune,Pune(Moshi),
23-Sep-22,Banana,Other,1500,7000,4250,Pune,Pune(Moshi),
7-Jul-22,Banana,Other,1600,5000,3300,Pune,Pune(Moshi),
17-Sep-22,Banana,Other,1600,6000,3080,Pune,Pune(Moshi),
15-Sep-22,Banana,Other,1600,6000,3800,Pune,Pune(Moshi),
16-Sep-22,Banana,Other,1600,6000,3800,Pune,Pune(Moshi),
18-Sep-22,Banana,Other,1600,6000,3800,Pune,Pune(Moshi),
19-Sep-22,Banana,Other,1600,7000,4300,Pune,Pune(Moshi),
30-May-22,Banana,Other,1700,5000,3350,Pune,Pune(Moshi),
3-Jul-22,Banana,Other,1700,6000,3850,Pune,Pune(Moshi),
5-Apr-22,Banana,Other,1800,2000,1900,Pune,Pune(Moshi),
29-Mar-22,Banana,Other,1800,2000,1900,Pune,Pune(Moshi),
30-Jun-22,Banana,Other,1800,5000,3400,Pune,Pune(Moshi),
11-Sep-22,Banana,Other,1800,6000,3900,Pune,Pune(Moshi),
18-Aug-22,Banana,Other,1800,6000,3900,Pune,Pune(Moshi),
25-Mar-22,Banana,Other,2000,2000,2000,Pune,Pune(Moshi),
25-Apr-22,Banana,Other,2000,2500,2250,Pune,Pune(Moshi),
10-Apr-22,Banana,Other,2000,3000,2500,Pune,Pune(Moshi),
12-Apr-22,Banana,Other,2000,3000,2500,Pune,Pune(Moshi),
14-Apr-22,Banana,Other,2000,3000,2500,Pune,Pune(Moshi),
21-Apr-22,Banana,Other,2000,3000,2500,Pune,Pune(Moshi),
24-Apr-22,Banana,Other,2000,3000,2500,Pune,Pune(Moshi),
6-May-22,Banana,Other,2000,4000,3000,Pune,Pune(Moshi),
9-May-22,Banana,Other,2000,4000,3000,Pune,Pune(Moshi),
1-Aug-23,Banana,Other,2000,5000,3500,Pune,Pune(Moshi),
6-Mar-23,Banana,Other,2000,5000,3500,Pune,Pune(Moshi),
10-Feb-23,Banana,Other,2000,5000,3500,Pune,Pune(Moshi),
12-Jul-22,Banana,Other,2000,5000,3500,Pune,Pune(Moshi),
18-Jun-22,Banana,Other,2000,5000,3500,Pune,Pune(Moshi),
24-Jul-23,Banana,Other,2000,5000,3500,Pune,Pune(Moshi),
29-Jul-23,Banana,Other,2000,5000,3500,Pune,Pune(Moshi),
7-Aug-22,Banana,Other,2000,6000,4000,Pune,Pune(Moshi),
9-Jun-22,Banana,Other,2000,6000,4000,Pune,Pune(Moshi),
11-Aug-22,Banana,Other,2000,6000,4000,Pune,Pune(Moshi),
16-Nov-23,Banana,Other,2000,6000,4000,Pune,Pune(Moshi),
17-Nov-23,Banana,Other,2000,6000,4000,Pune,Pune(Moshi),
23-Jun-22,Banana,Other,2000,6000,4000,Pune,Pune(Moshi),
24-Nov-23,Banana,Other,2000,6000,4000,Pune,Pune(Moshi),
25-Nov-23,Banana,Other,2000,6000,4000,Pune,Pune(Moshi),
28-Jul-22,Banana,Other,2000,6000,4000,Pune,Pune(Moshi),
7-Oct-23,Banana,Other,2000,7000,4500,Pune,Pune(Moshi),
17-Jul-22,Banana,Other,2000,7000,4500,Pune,Pune(Moshi),
20-Jun-22,Banana,Other,2000,7000,4500,Pune,Pune(Moshi),
24-Jul-22,Banana,Other,2000,7000,4500,Pune,Pune(Moshi),
26-Jul-22,Banana,Other,2000,7000,4500,Pune,Pune(Moshi),
21-Jun-22,Banana,Other,2200,6000,4100,Pune,Pune(Moshi),
5-Aug-22,Banana,Other,2200,7000,4600,Pune,Pune(Moshi),
1-Apr-23,Banana,Other,2500,5000,3750,Pune,Pune(Moshi),
2-Apr-23,Banana,Other,2500,5000,3750,Pune,Pune(Moshi),
3-Apr-23,Banana,Other,2500,5000,3750,Pune,Pune(Moshi),
3-Mar-23,Banana,Other,2500,5000,3750,Pune,Pune(Moshi),
4-Mar-23,Banana,Other,2500,5000,3750,Pune,Pune(Moshi),
7-Apr-23,Banana,Other,2500,5000,3750,Pune,Pune(Moshi),
11-Apr-23,Banana,Other,2500,5000,3750,Pune,Pune(Moshi),
12-Mar-23,Banana,Other,2500,5000,3750,Pune,Pune(Moshi),
13-Mar-23,Banana,Other,2500,5000,3750,Pune,Pune(Moshi),
14-Mar-23,Banana,Other,2500,5000,3750,Pune,Pune(Moshi),
18-Apr-23,Banana,Other,2500,5000,3750,Pune,Pune(Moshi),
19-Mar-23,Banana,Other,2500,5000,3750,Pune,Pune(Moshi),
21-Apr-23,Banana,Other,2500,5000,3750,Pune,Pune(Moshi),
24-Mar-23,Banana,Other,2500,5000,3750,Pune,Pune(Moshi),
25-Apr-23,Banana,Other,2500,5000,3750,Pune,Pune(Moshi),
26-Feb-23,Banana,Other,2500,5000,3750,Pune,Pune(Moshi),
28-Mar-23,Banana,Other,2500,5000,3750,Pune,Pune(Moshi),
31-Mar-23,Banana,Other,2500,5000,3750,Pune,Pune(Moshi),
1-Aug-22,Banana,Other,2500,7000,4750,Pune,Pune(Moshi),
31-Jul-22,Banana,Other,2500,7000,4750,Pune,Pune(Moshi),
26-Apr-22,Banana,Other,3000,4000,3500,Pune,Pune(Moshi),
24-Jun-22,Banana,Other,3000,5000,4000,Pune,Pune(Moshi),
4-May-23,Banana,Other,4000,4000,4000,Pune,Pune(Moshi),
8-May-22,Banana,Other,4000,4000,4000,Pune,Pune(Moshi),
19-Aug-22,Banana,Other,5000,6000,5500,Pune,Pune(Moshi),
14-Apr-25,Banana,Other,2000,6000,4000,Pune,Pune(Moshi),
22-Feb-25,Banana,Other,3000,7000,5000,Pune,Pune(Moshi),
12-May-25,Banana,Other,1500,6000,3750,Pune,Pune(Moshi),
17-May-25,Banana,Other,1500,5000,3250,Pune,Pune(Moshi),
30-Dec-24,Banana,Other,1500,5000,3250,Pune,Pune(Moshi),
31-Dec-24,Banana,Other,1500,5000,3250,Pune,Pune(Moshi),
4-May-25,Banana,Other,1500,5000,3250,Pune,Pune(Moshi),
7-Jul-25,Banana,Other,1500,8000,4750,Pune,Pune(Moshi),
6-Dec-24,Banana,Other,2000,5000,3500,Pune,Pune(Moshi),
8-Dec-24,Banana,Other,2000,5000,3500,Pune,Pune(Moshi),
28-Jun-25,Banana,Other,2000,6000,4000,Pune,Pune(Moshi),
17-Sep-24,Banana,Other,3000,7000,5000,Pune,Pune(Moshi),
7-Jan-25,Banana,Other,1500,5000,3250,Pune,Pune(Moshi),
16-May-25,Banana,Other,2000,6000,4000,Pune,Pune(Moshi),
15-Oct-24,Banana,Other,3000,7000,5000,Pune,Pune(Moshi),
16-Dec-24,Banana,Other,1500,5000,3250,Pune,Pune(Moshi),
28-Apr-25,Banana,Other,1500,5000,3250,Pune,Pune(Moshi),
28-Dec-24,Banana,Other,1500,5000,3250,Pune,Pune(Moshi),
22-Apr-25,Banana,Other,2000,5000,3500,Pune,Pune(Moshi),
17-Nov-24,Banana,Other,1500,6000,3750,Pune,Pune(Moshi),
28-Feb-25,Banana,Other,3000,6000,4500,Pune,Pune(Moshi),
16-Feb-25,Banana,Other,3000,7000,5000,Pune,Pune(Moshi),
15-Apr-24,Banana,Other,1500,4000,2750,Pune,Pune(Moshi),
20-Dec-24,Banana,Other,1500,5000,3250,Pune,Pune(Moshi),
17-Apr-25,Banana,Other,2000,6000,4000,Pune,Pune(Moshi),
26-Nov-23,Banana,Other,200,6000,4000,Pune,Pune(Moshi),
22-Nov-21,Banana,Other,600,2000,1300,Pune,Pune(Moshi),
13-Dec-21,Banana,Other,700,1000,850,Pune,Pune(Moshi),
13-Nov-21,Banana,Other,700,1000,850,Pune,Pune(Moshi),
19-Dec-21,Banana,Other,700,1000,850,Pune,Pune(Moshi),
19-Nov-21,Banana,Other,700,1000,850,Pune,Pune(Moshi),
14-Dec-21,Banana,Other,700,2000,1350,Pune,Pune(Moshi),
17-Dec-21,Banana,Other,700,2000,1350,Pune,Pune(Moshi),
18-Dec-21,Banana,Other,700,2000,1350,Pune,Pune(Moshi),
23-Nov-21,Banana,Other,700,2000,1350,Pune,Pune(Moshi),
30-Jan-22,Banana,Other,700,2000,1350,Pune,Pune(Moshi),
1-Jan-22,Banana,Other,800,1000,900,Pune,Pune(Moshi),
25-Dec-21,Banana,Other,800,1000,900,Pune,Pune(Moshi),
5-Oct-21,Banana,Other,800,2000,1400,Pune,Pune(Moshi),
14-Nov-21,Banana,Other,800,2000,1400,Pune,Pune(Moshi),
17-Jan-22,Banana,Other,800,2000,1400,Pune,Pune(Moshi),
13-Sep-21,Banana,Other,1000,1000,1000,Pune,Pune(Moshi),
18-May-23,Banana,Other,1000,1000,1000,Pune,Pune(Moshi),
31-Aug-21,Banana,Other,1000,1000,1000,Pune,Pune(Moshi),
17-Oct-21,Banana,Other,1000,1500,1250,Pune,Pune(Moshi),
1-Feb-22,Banana,Other,1000,2000,1500,Pune,Pune(Moshi),
3-Jul-21,Banana,Other,1000,2000,1500,Pune,Pune(Moshi),
3-Oct-21,Banana,Other,1000,2000,1500,Pune,Pune(Moshi),
4-Oct-21,Banana,Other,1000,2000,1500,Pune,Pune(Moshi),
5-Mar-22,Banana,Other,1000,2000,1500,Pune,Pune(Moshi),
6-Aug-21,Banana,Other,1000,2000,1500,Pune,Pune(Moshi),
7-Feb-22,Banana,Other,1000,2000,1500,Pune,Pune(Moshi),
8-Aug-21,Banana,Other,1000,2000,1500,Pune,Pune(Moshi),
8-Feb-22,Banana,Other,1000,2000,1500,Pune,Pune(Moshi),
9-Dec-21,Banana,Other,1000,2000,1500,Pune,Pune(Moshi),
9-Sep-21,Banana,Other,1000,2000,1500,Pune,Pune(Moshi),
10-Feb-22,Banana,Other,1000,2000,1500,Pune,Pune(Moshi),
10-Jan-22,Banana,Other,1000,2000,1500,Pune,Pune(Moshi),
11-Oct-21,Banana,Other,1000,2000,1500,Pune,Pune(Moshi),
12-Sep-21,Banana,Other,1000,2000,1500,Pune,Pune(Moshi),
13-Aug-21,Banana,Other,1000,2000,1500,Pune,Pune(Moshi),
13-Jul-21,Banana,Other,1000,2000,1500,Pune,Pune(Moshi),
14-Jan-22,Banana,Other,1000,2000,1500,Pune,Pune(Moshi),
15-Jan-22,Banana,Other,1000,2000,1500,Pune,Pune(Moshi),
16-Jan-22,Banana,Other,1000,2000,1500,Pune,Pune(Moshi),
17-Sep-21,Banana,Other,1000,2000,1500,Pune,Pune(Moshi),
18-Feb-22,Banana,Other,1000,2000,1500,Pune,Pune(Moshi),
20-Feb-22,Banana,Other,1000,2000,1500,Pune,Pune(Moshi),
21-Feb-22,Banana,Other,1000,2000,1500,Pune,Pune(Moshi),
23-Aug-21,Banana,Other,1000,2000,1500,Pune,Pune(Moshi),
24-Aug-21,Banana,Other,1000,2000,1500,Pune,Pune(Moshi),
24-Sep-21,Banana,Other,1000,2000,1500,Pune,Pune(Moshi),
26-Feb-22,Banana,Other,1000,2000,1500,Pune,Pune(Moshi),
26-Oct-21,Banana,Other,1000,2000,1500,Pune,Pune(Moshi),
27-Aug-21,Banana,Other,1000,2000,1500,Pune,Pune(Moshi),
27-Sep-21,Banana,Other,1000,2000,1500,Pune,Pune(Moshi),
28-Dec-21,Banana,Other,1000,2000,1500,Pune,Pune(Moshi),
29-Aug-21,Banana,Other,1000,2000,1500,Pune,Pune(Moshi),
30-Jul-21,Banana,Other,1000,2000,1500,Pune,Pune(Moshi),
31-Jul-21,Banana,Other,1000,2000,1500,Pune,Pune(Moshi),
31-Dec-21,Banana,Other,1000,2500,1750,Pune,Pune(Moshi),
4-Jun-23,Banana,Other,1000,4000,2500,Pune,Pune(Moshi),
5-Jun-23,Banana,Other,1000,4000,2500,Pune,Pune(Moshi),
6-Jun-23,Banana,Other,1000,4000,2500,Pune,Pune(Moshi),
8-Jun-23,Banana,Other,1000,4000,2500,Pune,Pune(Moshi),
10-Jun-23,Banana,Other,1000,4000,2500,Pune,Pune(Moshi),
16-Jun-23,Banana,Other,1000,4000,2500,Pune,Pune(Moshi),
16-May-23,Banana,Other,1000,4000,2500,Pune,Pune(Moshi),
21-May-23,Banana,Other,1000,4000,2500,Pune,Pune(Moshi),
22-May-23,Banana,Other,1000,4000,2500,Pune,Pune(Moshi),
23-May-23,Banana,Other,1000,4000,2500,Pune,Pune(Moshi),
28-May-23,Banana,Other,1000,4000,2500,Pune,Pune(Moshi),
29-May-23,Banana,Other,1000,4000,2500,Pune,Pune(Moshi),
1-Jun-23,Banana,Other,1000,5000,3000,Pune,Pune(Moshi),
2-Jun-23,Banana,Other,1000,5000,3000,Pune,Pune(Moshi),
2-May-23,Banana,Other,1000,5000,3000,Pune,Pune(Moshi),
3-Jun-23,Banana,Other,1000,5000,3000,Pune,Pune(Moshi),
7-May-23,Banana,Other,1000,5000,3000,Pune,Pune(Moshi),
8-May-23,Banana,Other,1000,5000,3000,Pune,Pune(Moshi),
14-May-23,Banana,Other,1000,5000,3000,Pune,Pune(Moshi),
20-May-23,Banana,Other,1000,5000,3000,Pune,Pune(Moshi),
7-Apr-22,Banana,Other,1500,2000,1750,Pune,Pune(Moshi),
1-Apr-22,Banana,Other,1500,3000,2250,Pune,Pune(Moshi),
8-Apr-22,Banana,Other,1500,3000,2250,Pune,Pune(Moshi),
14-Apr-23,Banana,Other,1500,4000,2750,Pune,Pune(Moshi),
3-Jul-23,Banana,Other,1500,5000,3200,Pune,Pune(Moshi),
2-Dec-22,Banana,Other,1500,5000,3250,Pune,Pune(Moshi),
2-Feb-23,Banana,Other,1500,5000,3250,Pune,Pune(Moshi),
2-Jan-23,Banana,Other,1500,5000,3250,Pune,Pune(Moshi),
4-Dec-22,Banana,Other,1500,5000,3250,Pune,Pune(Moshi),
4-Jan-25,Banana,Other,1500,5000,3250,Pune,Pune(Moshi),
7-Jul-23,Banana,Other,1500,5000,3250,Pune,Pune(Moshi),
9-Feb-23,Banana,Other,1500,5000,3250,Pune,Pune(Moshi),
10-Jul-23,Banana,Other,1500,5000,3250,Pune,Pune(Moshi),
10-Nov-22,Banana,Other,1500,5000,3250,Pune,Pune(Moshi),
11-Jul-23,Banana,Other,1500,5000,3250,Pune,Pune(Moshi),
12-Dec-22,Banana,Other,1500,5000,3250,Pune,Pune(Moshi),
13-Jun-23,Banana,Other,1500,5000,3250,Pune,Pune(Moshi),
14-Feb-23,Banana,Other,1500,5000,3250,Pune,Pune(Moshi),
15-Jul-23,Banana,Other,1500,5000,3250,Pune,Pune(Moshi),
15-Jun-23,Banana,Other,1500,5000,3250,Pune,Pune(Moshi),
16-Feb-23,Banana,Other,1500,5000,3250,Pune,Pune(Moshi),
17-Nov-22,Banana,Other,1500,5000,3250,Pune,Pune(Moshi),
19-May-22,Banana,Other,1500,5000,3250,Pune,Pune(Moshi),
19-Nov-22,Banana,Other,1500,5000,3250,Pune,Pune(Moshi),
20-Jun-23,Banana,Other,1500,5000,3250,Pune,Pune(Moshi),
20-Nov-22,Banana,Other,1500,5000,3250,Pune,Pune(Moshi),
22-Jan-23,Banana,Other,1500,5000,3250,Pune,Pune(Moshi),
22-Jun-23,Banana,Other,1500,5000,3250,Pune,Pune(Moshi),
23-Jan-23,Banana,Other,1500,5000,3250,Pune,Pune(Moshi),
23-Jun-23,Banana,Other,1500,5000,3250,Pune,Pune(Moshi),
24-Jun-23,Banana,Other,1500,5000,3250,Pune,Pune(Moshi),
27-Jun-23,Banana,Other,1500,5000,3250,Pune,Pune(Moshi),
27-Nov-22,Banana,Other,1500,5000,3250,Pune,Pune(Moshi),
31-Dec-22,Banana,Other,1500,5000,3250,Pune,Pune(Moshi),
3-Sep-22,Banana,Other,1500,6000,3750,Pune,Pune(Moshi),
22-Aug-22,Banana,Other,1500,6000,3750,Pune,Pune(Moshi),
27-Oct-22,Banana,Other,1500,6000,3750,Pune,Pune(Moshi),
28-Oct-22,Banana,Other,1500,6000,3750,Pune,Pune(Moshi),
29-Aug-22,Banana,Other,1500,6000,3750,Pune,Pune(Moshi),
29-Oct-22,Banana,Other,1500,6000,3750,Pune,Pune(Moshi),
9-Oct-22,Banana,Other,1500,7000,4250,Pune,Pune(Moshi),
16-Nov-24,Banana,Other,1500,7000,4250,Pune,Pune(Moshi),
16-Oct-22,Banana,Other,1500,7000,4250,Pune,Pune(Moshi),
17-Oct-22,Banana,Other,1500,7000,4250,Pune,Pune(Moshi),
18-Oct-22,Banana,Other,1500,7000,4250,Pune,Pune(Moshi),
20-Oct-22,Banana,Other,1500,7000,4250,Pune,Pune(Moshi),
24-Sep-22,Banana,Other,1500,7000,4250,Pune,Pune(Moshi),
8-Sep-22,Banana,Other,1500,16000,8750,Pune,Pune(Moshi),
7-Oct-22,Banana,Other,1500,70000,4250,Pune,Pune(Moshi),
7-Nov-22,Banana,Other,1600,5000,3300,Pune,Pune(Moshi),
1-Oct-22,Banana,Other,1600,7000,4300,Pune,Pune(Moshi),
16-Jul-23,Banana,Other,1800,5000,3400,Pune,Pune(Moshi),
22-Mar-22,Banana,Other,2000,3000,2500,Pune,Pune(Moshi),
24-Mar-22,Banana,Other,2000,4000,3000,Pune,Pune(Moshi),
4-Aug-23,Banana,Other,2000,5000,3500,Pune,Pune(Moshi),
5-Aug-23,Banana,Other,2000,5000,3500,Pune,Pune(Moshi),
12-Aug-23,Banana,Other,2000,5000,3500,Pune,Pune(Moshi),
12-Feb-23,Banana,Other,2000,5000,3500,Pune,Pune(Moshi),
21-Jul-23,Banana,Other,2000,5000,3500,Pune,Pune(Moshi),
21-Mar-23,Banana,Other,2000,5000,3500,Pune,Pune(Moshi),
22-Jul-23,Banana,Other,2000,5000,3500,Pune,Pune(Moshi),
28-Jul-23,Banana,Other,2000,5000,3500,Pune,Pune(Moshi),
10-Nov-23,Banana,Other,2000,6000,4000,Pune,Pune(Moshi),
11-Nov-23,Banana,Other,2000,6000,4000,Pune,Pune(Moshi),
12-Nov-23,Banana,Other,2000,6000,4000,Pune,Pune(Moshi),
14-Nov-23,Banana,Other,2000,6000,4000,Pune,Pune(Moshi),
18-Nov-23,Banana,Other,2000,6000,4000,Pune,Pune(Moshi),
20-Nov-23,Banana,Other,2000,6000,4000,Pune,Pune(Moshi),
21-Nov-23,Banana,Other,2000,6000,4000,Pune,Pune(Moshi),
23-Nov-23,Banana,Other,2000,6000,4000,Pune,Pune(Moshi),
27-Nov-23,Banana,Other,2000,6000,4000,Pune,Pune(Moshi),
7-Nov-23,Banana,Other,2000,7000,4500,Pune,Pune(Moshi),
14-Oct-23,Banana,Other,2000,7000,4500,Pune,Pune(Moshi),
30-Oct-23,Banana,Other,2000,7000,4500,Pune,Pune(Moshi),
31-Oct-23,Banana,Other,2000,7000,4500,Pune,Pune(Moshi),
3-Oct-23,Banana,Other,2000,9000,5500,Pune,Pune(Moshi),
9-Sep-23,Banana,Other,2000,9000,5500,Pune,Pune(Moshi),
22-Aug-23,Banana,Other,2000,9000,5500,Pune,Pune(Moshi),
25-Sep-23,Banana,Other,2000,9000,5500,Pune,Pune(Moshi),
26-Sep-23,Banana,Other,2000,9000,5500,Pune,Pune(Moshi),
9-Jul-22,Banana,Other,2300,6000,4150,Pune,Pune(Moshi),
20-Apr-23,Banana,Other,2500,4000,3250,Pune,Pune(Moshi),
4-Apr-23,Banana,Other,2500,5000,3750,Pune,Pune(Moshi),
6-Apr-23,Banana,Other,2500,5000,3750,Pune,Pune(Moshi),
9-Apr-23,Banana,Other,2500,5000,3750,Pune,Pune(Moshi),
10-Apr-23,Banana,Other,2500,5000,3750,Pune,Pune(Moshi),
16-Apr-23,Banana,Other,2500,5000,3750,Pune,Pune(Moshi),
17-Apr-23,Banana,Other,2500,5000,3750,Pune,Pune(Moshi),
22-Apr-23,Banana,Other,2500,5000,3750,Pune,Pune(Moshi),
23-Mar-23,Banana,Other,2500,5000,3750,Pune,Pune(Moshi),
25-Mar-23,Banana,Other,2500,5000,3750,Pune,Pune(Moshi),
26-Mar-23,Banana,Other,2500,5000,3750,Pune,Pune(Moshi),
27-Mar-23,Banana,Other,2500,5000,3750,Pune,Pune(Moshi),
28-Apr-23,Banana,Other,2500,5000,3750,Pune,Pune(Moshi),
30-Mar-23,Banana,Other,2500,5000,3750,Pune,Pune(Moshi),
4-Aug-22,Banana,Other,2500,7000,4700,Pune,Pune(Moshi),
16-Mar-23,Banana,Other,3000,4000,3500,Pune,Pune(Moshi),
24-Feb-23,Banana,Other,3000,4000,3500,Pune,Pune(Moshi),
28-Aug-22,Banana,Other,4000,6000,5000,Pune,Pune(Moshi),
25-Jul-23,Banana,Other,7000,7000,7000,Pune,Pune(Moshi),
13-Feb-25,Banana,Other,1500,5000,3250,Pune,Pune(Moshi),
19-Apr-25,Banana,Other,2000,6000,4000,Pune,Pune(Moshi),
24-Apr-25,Banana,Other,2000,6000,4000,Pune,Pune(Moshi),
17-Feb-25,Banana,Other,3000,7000,5000,Pune,Pune(Moshi),
18-Feb-25,Banana,Other,3000,7000,5000,Pune,Pune(Moshi),
9-May-25,Banana,Other,1500,6000,3750,Pune,Pune(Moshi),
2-Dec-24,Banana,Other,2000,5000,3500,Pune,Pune(Moshi),
4-Feb-25,Banana,Other,2000,5000,3500,Pune,Pune(Moshi),
21-Apr-25,Banana,Other,2000,6000,4000,Pune,Pune(Moshi),
18-Oct-24,Banana,Other,3000,7000,5000,Pune,Pune(Moshi),
24-Feb-25,Banana,Other,3000,7000,5000,Pune,Pune(Moshi),
6-Jan-25,Banana,Other,1500,5000,3250,Pune,Pune(Moshi),
14-Dec-24,Banana,Other,1500,5000,3250,Pune,Pune(Moshi),
17-Mar-25,Banana,Other,2000,7000,4500,Pune,Pune(Moshi),
21-Dec-24,Banana,Other,1500,5000,3250,Pune,Pune(Moshi),
29-Apr-25,Banana,Other,1500,5000,3250,Pune,Pune(Moshi),
19-May-25,Banana,Other,1500,6000,3750,Pune,Pune(Moshi),
25-Apr-25,Banana,Other,2000,6000,4000,Pune,Pune(Moshi),
25-Oct-24,Banana,Other,3000,8000,5500,Pune,Pune(Moshi),
3-Jan-25,Banana,Other,1500,5000,3250,Pune,Pune(Moshi),
14-Jan-25,Banana,Other,1500,5000,3250,Pune,Pune(Moshi),
17-Dec-24,Banana,Other,1500,5000,3250,Pune,Pune(Moshi),
3-Dec-24,Banana,Other,2000,5000,3500,Pune,Pune(Moshi),
27-May-25,Banana,Other,2000,6000,4000,Pune,Pune(Moshi),
5-Nov-24,Banana,Other,2000,7000,4500,Pune,Pune(Moshi),
12-Jul-25,Banana,Other,2000,7000,4500,Pune,Pune(Moshi),
28-Mar-25,Banana,Other,2000,7000,4500,Pune,Pune(Moshi),
10-Nov-24,Banana,Other,2500,6000,4250,Pune,Pune(Moshi),
9-Dec-24,Banana,Other,2000,5000,3500,Pune,Pune(Moshi),
12-Apr-25,Banana,Other,2000,5000,3500,Pune,Pune(Moshi),
13-Mar-25,Banana,Other,2000,7000,4500,Pune,Pune(Moshi),
12-Oct-24,Banana,Other,2000,8000,5000,Pune,Pune(Moshi),
10-May-25,Banana,Other,1500,6000,3750,Pune,Pune(Moshi),
3-Mar-25,Banana,Other,1500,7000,4250,Pune,Pune(Moshi),
23-Nov-24,Banana,Other,2000,5000,3500,Pune,Pune(Moshi),
4-Apr-25,Banana,Other,2000,6000,4000,Pune,Pune(Moshi),
31-Mar-25,Banana,Other,2000,6000,4000,Pune,Pune(Moshi),
30-Sep-24,Banana,Other,3000,3000,3000,Pune,Pune(Moshi),
14-Feb-25,Banana,Other,3000,6000,4500,Pune,Pune(Moshi),
16-Sep-24,Banana,Other,3000,7000,5000,Pune,Pune(Moshi),
24-Oct-24,Banana,Other,3000,7000,5000,Pune,Pune(Moshi),
29-Sep-24,Banana,Other,3000,7000,5000,Pune,Pune(Moshi),
8-May-25,Banana,Other,1500,6000,3750,Pune,Pune(Moshi),
13-May-25,Banana,Other,1500,6000,3750,Pune,Pune(Moshi),
9-Jun-25,Banana,Other,1500,7000,4250,Pune,Pune(Moshi),
20-Jan-25,Banana,Other,1500,7000,4250,Pune,Pune(Moshi),
3-Sep-24,Banana,Other,3000,7000,5000,Pune,Pune(Moshi),
22-Oct-24,Banana,Other,3000,7000,5000,Pune,Pune(Moshi),
24-Dec-24,Banana,Other,1500,5000,3250,Pune,Pune(Moshi),
3-May-25,Banana,Other,1500,6000,3750,Pune,Pune(Moshi),
18-May-25,Banana,Other,1500,6000,3750,Pune,Pune(Moshi),
2-Jun-25,Banana,Other,1500,7000,4250,Pune,Pune(Moshi),
10-Dec-24,Banana,Other,2000,5000,3500,Pune,Pune(Moshi),
3-Apr-25,Banana,Other,2000,6000,4000,Pune,Pune(Moshi),
7-Apr-25,Banana,Other,2000,6000,4000,Pune,Pune(Moshi),
9-Nov-24,Banana,Other,2500,6000,4250,Pune,Pune(Moshi),
21-Oct-24,Banana,Other,2500,8000,5250,Pune,Pune(Moshi),
1-Mar-25,Banana,Other,3000,7000,5000,Pune,Pune(Moshi),
9-Mar-25,Banana,Other,3000,7000,5000,Pune,Pune(Moshi),
10-Sep-23,Banana,Other,20,90,55,Pune,Pune(Moshi),
7-Dec-21,Banana,Other,700,1000,850,Pune,Pune(Moshi),
12-Dec-21,Banana,Other,700,1000,850,Pune,Pune(Moshi),
9-Nov-21,Banana,Other,700,2000,1350,Pune,Pune(Moshi),
20-Nov-21,Banana,Other,700,2000,1350,Pune,Pune(Moshi),
21-Dec-21,Banana,Other,700,2000,1350,Pune,Pune(Moshi),
5-Feb-22,Banana,Other,700,2500,1600,Pune,Pune(Moshi),
2-Dec-21,Banana,Other,800,1000,900,Pune,Pune(Moshi),
23-Jan-22,Banana,Other,800,1000,900,Pune,Pune(Moshi),
18-Oct-21,Banana,Other,800,2000,1400,Pune,Pune(Moshi),
27-Nov-21,Banana,Other,800,2000,1400,Pune,Pune(Moshi),
31-Oct-21,Banana,Other,800,2000,1400,Pune,Pune(Moshi),
5-Sep-21,Banana,Other,800,4000,2400,Pune,Pune(Moshi),
9-Jan-22,Banana,Other,1000,1000,1000,Pune,Pune(Moshi),
1-Aug-21,Banana,Other,1000,2000,1500,Pune,Pune(Moshi),
2-Sep-21,Banana,Other,1000,2000,1500,Pune,Pune(Moshi),
4-Sep-21,Banana,Other,1000,2000,1500,Pune,Pune(Moshi),
6-Feb-22,Banana,Other,1000,2000,1500,Pune,Pune(Moshi),
7-Jan-22,Banana,Other,1000,2000,1500,Pune,Pune(Moshi),
7-Mar-22,Banana,Other,1000,2000,1500,Pune,Pune(Moshi),
8-Mar-22,Banana,Other,1000,2000,1500,Pune,Pune(Moshi),
10-Mar-22,Banana,Other,1000,2000,1500,Pune,Pune(Moshi),
11-Feb-22,Banana,Other,1000,2000,1500,Pune,Pune(Moshi),
11-Nov-21,Banana,Other,1000,2000,1500,Pune,Pune(Moshi),
12-Nov-21,Banana,Other,1000,2000,1500,Pune,Pune(Moshi),
14-Feb-22,Banana,Other,1000,2000,1500,Pune,Pune(Moshi),
15-Feb-22,Banana,Other,1000,2000,1500,Pune,Pune(Moshi),
15-Oct-21,Banana,Other,1000,2000,1500,Pune,Pune(Moshi),
18-Sep-21,Banana,Other,1000,2000,1500,Pune,Pune(Moshi),
19-Aug-21,Banana,Other,1000,2000,1500,Pune,Pune(Moshi),
20-Aug-21,Banana,Other,1000,2000,1500,Pune,Pune(Moshi),
21-Aug-21,Banana,Other,1000,2000,1500,Pune,Pune(Moshi),
21-Jan-22,Banana,Other,1000,2000,1500,Pune,Pune(Moshi),
21-Sep-21,Banana,Other,1000,2000,1500,Pune,Pune(Moshi),
22-Aug-21,Banana,Other,1000,2000,1500,Pune,Pune(Moshi),
22-Oct-21,Banana,Other,1000,2000,1500,Pune,Pune(Moshi),
25-Jan-22,Banana,Other,1000,2000,1500,Pune,Pune(Moshi),
25-Oct-21,Banana,Other,1000,2000,1500,Pune,Pune(Moshi),
26-Aug-21,Banana,Other,1000,2000,1500,Pune,Pune(Moshi),
28-Nov-21,Banana,Other,1000,2000,1500,Pune,Pune(Moshi),
28-Oct-21,Banana,Other,1000,2000,1500,Pune,Pune(Moshi),
30-Aug-21,Banana,Other,1000,2000,1500,Pune,Pune(Moshi),
30-Sep-21,Banana,Other,1000,2000,1500,Pune,Pune(Moshi),
11-Jun-23,Banana,Other,1000,4000,2500,Pune,Pune(Moshi),
26-May-23,Banana,Other,1000,4000,2500,Pune,Pune(Moshi),
30-May-23,Banana,Other,1000,4000,2500,Pune,Pune(Moshi),
13-Oct-22,Banana,Other,1000,5000,3000,Pune,Pune(Moshi),
25-May-23,Banana,Other,1000,5000,3000,Pune,Pune(Moshi),
30-Apr-23,Banana,Other,1000,5000,3000,Pune,Pune(Moshi),
4-Sep-22,Banana,Other,1500,1600,1550,Pune,Pune(Moshi),
23-Oct-22,Banana,Other,1500,2000,1750,Pune,Pune(Moshi),
1-Oct-23,Banana,Other,1500,5000,3250,Pune,Pune(Moshi),
4-Jul-23,Banana,Other,1500,5000,3250,Pune,Pune(Moshi),
6-Jul-23,Banana,Other,1500,5000,3250,Pune,Pune(Moshi),
14-Jul-23,Banana,Other,1500,5000,3250,Pune,Pune(Moshi),
17-Feb-23,Banana,Other,1500,5000,3250,Pune,Pune(Moshi),
17-Jun-23,Banana,Other,1500,5000,3250,Pune,Pune(Moshi),
18-Jun-23,Banana,Other,1500,5000,3250,Pune,Pune(Moshi),
25-Dec-22,Banana,Other,1500,5000,3250,Pune,Pune(Moshi),
26-Jun-23,Banana,Other,1500,5000,3250,Pune,Pune(Moshi),
31-Jan-25,Banana,Other,1500,5000,3250,Pune,Pune(Moshi),
24-Jun-25,Banana,Other,1500,6000,3750,Pune,Pune(Moshi),
2-Oct-22,Banana,Other,1500,7000,4250,Pune,Pune(Moshi),
3-Nov-22,Banana,Other,1500,7000,4250,Pune,Pune(Moshi),
4-Oct-22,Banana,Other,1500,7000,4250,Pune,Pune(Moshi),
7-Jun-25,Banana,Other,1500,7000,4250,Pune,Pune(Moshi),
18-Jan-25,Banana,Other,1500,7000,4250,Pune,Pune(Moshi),
24-Oct-22,Banana,Other,1500,7000,4250,Pune,Pune(Moshi),
25-Sep-22,Banana,Other,1500,7000,4250,Pune,Pune(Moshi),
30-Oct-22,Banana,Other,1500,7000,4250,Pune,Pune(Moshi),
30-Sep-22,Banana,Other,1500,7000,4250,Pune,Pune(Moshi),
30-Aug-22,Banana,Other,1600,6000,3800,Pune,Pune(Moshi),
17-Jul-23,Banana,Other,1800,5000,3400,Pune,Pune(Moshi),
6-Sep-21,Banana,Other,2000,4000,3000,Pune,Pune(Moshi),
3-Aug-23,Banana,Other,2000,5000,3500,Pune,Pune(Moshi),
7-Aug-23,Banana,Other,2000,5000,3500,Pune,Pune(Moshi),
10-Aug-23,Banana,Other,2000,5000,3500,Pune,Pune(Moshi),
11-Aug-23,Banana,Other,2000,5000,3500,Pune,Pune(Moshi),
13-Aug-23,Banana,Other,2000,5000,3500,Pune,Pune(Moshi),
14-Aug-23,Banana,Other,2000,5000,3500,Pune,Pune(Moshi),
18-Aug-23,Banana,Other,2000,5000,3500,Pune,Pune(Moshi),
23-Jul-23,Banana,Other,2000,5000,3500,Pune,Pune(Moshi),
26-Aug-23,Banana,Other,2000,5000,3500,Pune,Pune(Moshi),
27-Jul-23,Banana,Other,2000,5000,3500,Pune,Pune(Moshi),
30-Jul-23,Banana,Other,2000,5000,3500,Pune,Pune(Moshi),
30-Sep-23,Banana,Other,2000,5000,3500,Pune,Pune(Moshi),
31-Jul-23,Banana,Other,2000,5000,3500,Pune,Pune(Moshi),
8-Aug-22,Banana,Other,2000,6000,4000,Pune,Pune(Moshi),
26-May-25,Banana,Other,2000,6000,4000,Pune,Pune(Moshi),
2-Nov-23,Banana,Other,2000,7000,4500,Pune,Pune(Moshi),
4-Nov-23,Banana,Other,2000,7000,4500,Pune,Pune(Moshi),
6-Nov-23,Banana,Other,2000,7000,4500,Pune,Pune(Moshi),
9-Nov-23,Banana,Other,2000,7000,4500,Pune,Pune(Moshi),
23-Oct-23,Banana,Other,2000,7000,4500,Pune,Pune(Moshi),
27-Oct-23,Banana,Other,2000,7000,4500,Pune,Pune(Moshi),
28-Oct-23,Banana,Other,2000,7000,4500,Pune,Pune(Moshi),
5-Oct-23,Banana,Other,2000,9000,5500,Pune,Pune(Moshi),
6-Oct-23,Banana,Other,2000,9000,5500,Pune,Pune(Moshi),
8-Sep-23,Banana,Other,2000,9000,5500,Pune,Pune(Moshi),
16-Sep-23,Banana,Other,2000,9000,5500,Pune,Pune(Moshi),
24-Sep-23,Banana,Other,2000,9000,5500,Pune,Pune(Moshi),
28-Sep-23,Banana,Other,2000,9000,5500,Pune,Pune(Moshi),
31-Aug-23,Banana,Other,2000,9000,5500,Pune,Pune(Moshi),
18-Jul-23,Banana,Other,2200,5000,3600,Pune,Pune(Moshi),
29-Aug-23,Banana,Other,2200,5000,3600,Pune,Pune(Moshi),
25-Aug-23,Banana,Other,2200,9000,5600,Pune,Pune(Moshi),
27-Aug-23,Banana,Other,2200,9000,5600,Pune,Pune(Moshi),
27-Apr-23,Banana,Other,2500,5000,3750,Pune,Pune(Moshi),
28-Oct-24,Banana,Other,3000,7000,5000,Pune,Pune(Moshi),
8-Aug-23,Banana,Other,5000,8000,6500,Pune,Pune(Moshi),
6-Jun-25,Banana,Other,1500,7000,4250,Pune,Pune(Moshi),
10-Jun-25,Banana,Other,1500,7000,4250,Pune,Pune(Moshi),
7-Feb-25,Banana,Other,2000,5000,3500,Pune,Pune(Moshi),
4-Nov-24,Banana,Other,2000,7000,4500,Pune,Pune(Moshi),
26-Oct-24,Banana,Other,2500,7000,4750,Pune,Pune(Moshi),
6-May-25,Banana,Other,1500,6000,3750,Pune,Pune(Moshi),
11-May-25,Banana,Other,1500,6000,3750,Pune,Pune(Moshi),
1-Apr-25,Banana,Other,2000,6000,4000,Pune,Pune(Moshi),
8-Jun-25,Banana,Other,2000,6000,4000,Pune,Pune(Moshi),
25-Mar-25,Banana,Other,2000,6000,4000,Pune,Pune(Moshi),
23-Mar-25,Banana,Other,3000,6000,4500,Pune,Pune(Moshi),
6-Sep-24,Banana,Other,3000,7000,5000,Pune,Pune(Moshi),
12-Sep-24,Banana,Other,3000,7000,5000,Pune,Pune(Moshi),
14-Oct-24,Banana,Other,3000,7000,5000,Pune,Pune(Moshi),
31-May-25,Banana,Other,1500,6000,3750,Pune,Pune(Moshi),
1-Jun-25,Banana,Other,1500,7000,4250,Pune,Pune(Moshi),
27-Apr-25,Banana,Other,2000,5000,3500,Pune,Pune(Moshi),
28-Jan-25,Banana,Other,2000,5000,3500,Pune,Pune(Moshi),
19-Nov-24,Banana,Other,2000,6000,4000,Pune,Pune(Moshi),
21-Mar-25,Banana,Other,2000,6000,4000,Pune,Pune(Moshi),
23-May-25,Banana,Other,2000,6000,4000,Pune,Pune(Moshi),
30-Mar-25,Banana,Other,2000,6000,4000,Pune,Pune(Moshi),
11-Oct-24,Banana,Other,2500,8000,5250,Pune,Pune(Moshi),
21-Feb-25,Banana,Other,3000,7000,5000,Pune,Pune(Moshi),
29-Jun-25,Banana,Other,1500,6000,3750,Pune,Pune(Moshi),
23-Feb-25,Banana,Other,1500,7000,4250,Pune,Pune(Moshi),
8-Feb-25,Banana,Other,2000,5000,3500,Pune,Pune(Moshi),
18-Nov-24,Banana,Other,2000,5000,3500,Pune,Pune(Moshi),
8-Apr-25,Banana,Other,2000,6000,4000,Pune,Pune(Moshi),
27-Mar-25,Banana,Other,2000,6000,4000,Pune,Pune(Moshi),
7-Nov-24,Banana,Other,2000,7000,4500,Pune,Pune(Moshi),
31-Oct-24,Banana,Other,2000,7000,4500,Pune,Pune(Moshi),
19-Sep-24,Banana,Other,2000,8000,5000,Pune,Pune(Moshi),
27-Sep-24,Banana,Other,3000,7000,5000,Pune,Pune(Moshi),
5-Apr-25,Banana,Other,1500,1500,1500,Pune,Pune(Moshi),
11-Jan-25,Banana,Other,1500,5000,3250,Pune,Pune(Moshi),
22-May-25,Banana,Other,2000,5000,3500,Pune,Pune(Moshi),
22-Nov-24,Banana,Other,3000,6000,4500,Pune,Pune(Moshi),
28-Sep-24,Banana,Other,3000,7000,5000,Pune,Pune(Moshi),
12-Jun-25,Banana,Other,1500,6000,3750,Pune,Pune(Moshi),
2-Feb-25,Banana,Other,2000,5000,3500,Pune,Pune(Moshi),
15-Apr-25,Banana,Other,2000,6000,4000,Pune,Pune(Moshi),
19-Jan-25,Banana,Other,2000,6000,4000,Pune,Pune(Moshi),
11-Jul-25,Banana,Other,2000,7000,4500,Pune,Pune(Moshi),
15-Jul-25,Banana,Other,2500,8000,5250,Pune,Pune(Moshi),
17-Jul-25,Banana,Other,2500,8000,5250,Pune,Pune(Moshi),
7-Mar-25,Banana,Other,3000,7000,5000,Pune,Pune(Moshi),
10-Mar-25,Banana,Other,3000,7000,5000,Pune,Pune(Moshi),
19-Oct-24,Banana,Other,3000,7000,5000,Pune,Pune(Moshi),
24-Sep-24,Banana,Other,3000,7000,5000,Pune,Pune(Moshi),
6-Mar-25,Banana,Other,1500,7000,4250,Pune,Pune(Moshi),
20-Jun-25,Banana,Other,1500,7000,4250,Pune,Pune(Moshi),
22-Jun-25,Banana,Other,1500,7000,4250,Pune,Pune(Moshi),
25-Nov-24,Banana,Other,2000,5000,3500,Pune,Pune(Moshi),
1-Oct-24,Banana,Other,3000,7000,5000,Pune,Pune(Moshi),
25-Jul-25,Banana,Other,3000,8000,5500,Pune,Pune(Moshi),
18-Mar-25,Banana,Other,3500,7000,5250,Pune,Pune(Moshi),
13-Jan-25,Banana,Other,1500,5000,3250,Pune,Pune(Moshi),
10-Jul-25,Banana,Other,1500,8000,4750,Pune,Pune(Moshi),
13-Apr-25,Banana,Other,2000,6000,4000,Pune,Pune(Moshi),
20-Sep-24,Banana,Other,3000,7000,5000,Pune,Pune(Moshi),
13-Apr-24,Banana,Other,1500,4000,2750,Pune,Pune(Moshi),
10-Jan-25,Banana,Other,1500,5000,3250,Pune,Pune(Moshi),
18-Apr-25,Banana,Other,1500,6000,3750,Pune,Pune(Moshi),
30-Jun-25,Banana,Other,1500,6000,3750,Pune,Pune(Moshi),
11-Nov-24,Banana,Other,2500,6000,4250,Pune,Pune(Moshi),
27-Oct-24,Banana,Other,2500,7000,4750,Pune,Pune(Moshi),
10-Sep-24,Banana,Other,3000,7000,5000,Pune,Pune(Moshi),
15-Mar-25,Banana,Other,3000,7000,5000,Pune,Pune(Moshi),
19-Sep-21,Banana,Other,500,2000,1250,Pune,Pune(Moshi),
6-Dec-21,Banana,Other,700,1000,850,Pune,Pune(Moshi),
20-Dec-21,Banana,Other,700,1000,850,Pune,Pune(Moshi),
21-Nov-21,Banana,Other,700,1000,850,Pune,Pune(Moshi),
26-Dec-21,Banana,Other,800,1000,900,Pune,Pune(Moshi),
10-Dec-21,Banana,Other,800,1200,1000,Pune,Pune(Moshi),
26-Nov-21,Banana,Other,800,2000,1400,Pune,Pune(Moshi),
3-Sep-21,Banana,Other,1000,2000,1500,Pune,Pune(Moshi),
4-Feb-22,Banana,Other,1000,2000,1500,Pune,Pune(Moshi),
4-Nov-21,Banana,Other,1000,2000,1500,Pune,Pune(Moshi),
6-Mar-22,Banana,Other,1000,2000,1500,Pune,Pune(Moshi),
8-Jan-22,Banana,Other,1000,2000,1500,Pune,Pune(Moshi),
9-Aug-21,Banana,Other,1000,2000,1500,Pune,Pune(Moshi),
13-Feb-22,Banana,Other,1000,2000,1500,Pune,Pune(Moshi),
21-Oct-21,Banana,Other,1000,2000,1500,Pune,Pune(Moshi),
23-Sep-21,Banana,Other,1000,2000,1500,Pune,Pune(Moshi),
24-Oct-21,Banana,Other,1000,2000,1500,Pune,Pune(Moshi),
27-Jan-22,Banana,Other,1000,2000,1500,Pune,Pune(Moshi),
28-Feb-22,Banana,Other,1000,2000,1500,Pune,Pune(Moshi),
28-Sep-21,Banana,Other,1000,2000,1500,Pune,Pune(Moshi),
1-Dec-22,Banana,Other,1500,5000,3250,Pune,Pune(Moshi),
13-Jul-23,Banana,Other,1500,5000,3250,Pune,Pune(Moshi),
22-Dec-22,Banana,Other,1500,5000,3250,Pune,Pune(Moshi),
25-Jun-23,Banana,Other,1500,5000,3250,Pune,Pune(Moshi),
20-May-25,Banana,Other,1500,6000,3750,Pune,Pune(Moshi),
2-Mar-25,Banana,Other,1500,7000,4250,Pune,Pune(Moshi),
3-Oct-22,Banana,Other,1500,7000,4250,Pune,Pune(Moshi),
1-Sep-23,Banana,Other,2000,5000,3500,Pune,Pune(Moshi),
20-Aug-23,Banana,Other,2000,5000,3500,Pune,Pune(Moshi),
20-Jul-23,Banana,Other,2000,5000,3500,Pune,Pune(Moshi),
24-May-25,Banana,Other,2000,6000,4000,Pune,Pune(Moshi),
8-Oct-23,Banana,Other,2000,7000,4500,Pune,Pune(Moshi),
9-Oct-23,Banana,Other,2000,7000,4500,Pune,Pune(Moshi),
10-Jul-22,Banana,Other,2000,7000,4500,Pune,Pune(Moshi),
10-Oct-23,Banana,Other,2000,7000,4500,Pune,Pune(Moshi),
12-Oct-23,Banana,Other,2000,7000,4500,Pune,Pune(Moshi),
13-Oct-23,Banana,Other,2000,7000,4500,Pune,Pune(Moshi),
16-Mar-25,Banana,Other,2000,7000,4500,Pune,Pune(Moshi),
20-Oct-23,Banana,Other,2000,7000,4500,Pune,Pune(Moshi),
21-Oct-23,Banana,Other,2000,7000,4500,Pune,Pune(Moshi),
22-Oct-23,Banana,Other,2000,7000,4500,Pune,Pune(Moshi),
26-Oct-23,Banana,Other,2000,7000,4500,Pune,Pune(Moshi),
29-Oct-23,Banana,Other,2000,7000,4500,Pune,Pune(Moshi),
5-Sep-23,Banana,Other,2000,9000,5500,Pune,Pune(Moshi),
22-Sep-23,Banana,Other,2000,9000,5500,Pune,Pune(Moshi),
17-Aug-23,Banana,Other,2200,5000,3600,Pune,Pune(Moshi),
24-Aug-23,Banana,Other,2200,9000,5600,Pune,Pune(Moshi),
8-Nov-24,Banana,Other,2500,6000,4250,Pune,Pune(Moshi),
8-Mar-25,Banana,Other,3000,7000,5000,Pune,Pune(Moshi),
19-Apr-24,Banana,Other,1500,4000,2750,Pune,Pune(Moshi),
15-Jun-25,Banana,Other,1500,7000,4250,Pune,Pune(Moshi),
22-Mar-25,Banana,Other,2000,6000,4000,Pune,Pune(Moshi),
8-Jul-25,Banana,Other,2000,7000,4500,Pune,Pune(Moshi),
23-Jun-25,Banana,Other,2000,7000,4500,Pune,Pune(Moshi),
22-Sep-24,Banana,Other,3000,7000,5000,Pune,Pune(Moshi),
21-Apr-24,Banana,Other,1500,4000,2750,Pune,Pune(Moshi),
17-Jan-25,Banana,Other,1500,7000,4250,Pune,Pune(Moshi),
16-Jan-25,Banana,Other,2000,5000,3500,Pune,Pune(Moshi),
11-Apr-25,Banana,Other,2000,6000,4000,Pune,Pune(Moshi),
25-May-25,Banana,Other,2000,6000,4000,Pune,Pune(Moshi),
12-Nov-24,Banana,Other,2500,7000,4750,Pune,Pune(Moshi),
14-Sep-24,Banana,Other,3000,7000,5000,Pune,Pune(Moshi),
28-Nov-24,Banana,Other,1500,5000,3250,Pune,Pune(Moshi),
29-Dec-24,Banana,Other,1500,5000,3250,Pune,Pune(Moshi),
27-Feb-25,Banana,Other,1500,7000,4250,Pune,Pune(Moshi),
24-Jan-25,Banana,Other,2000,5000,3500,Pune,Pune(Moshi),
15-Nov-24,Banana,Other,2500,6000,4250,Pune,Pune(Moshi),
2-Sep-24,Banana,Other,3000,7000,5000,Pune,Pune(Moshi),
4-Mar-25,Banana,Other,3000,7000,5000,Pune,Pune(Moshi),
13-Sep-24,Banana,Other,3000,7000,5000,Pune,Pune(Moshi),
20-Feb-25,Banana,Other,3000,7000,5000,Pune,Pune(Moshi),
15-Dec-24,Banana,Other,1500,6000,3750,Pune,Pune(Moshi),
26-Jun-25,Banana,Other,1500,6000,3750,Pune,Pune(Moshi),
1-Nov-24,Banana,Other,1500,7000,4250,Pune,Pune(Moshi),
14-Jul-25,Banana,Other,1500,8000,4750,Pune,Pune(Moshi),
6-Feb-25,Banana,Other,2000,5000,3500,Pune,Pune(Moshi),
24-Nov-24,Banana,Other,2000,5000,3500,Pune,Pune(Moshi),
5-Sep-24,Banana,Other,2000,8000,5000,Pune,Pune(Moshi),
15-Sep-24,Banana,Other,3000,7000,5000,Pune,Pune(Moshi),
17-Oct-24,Banana,Other,3000,7000,5000,Pune,Pune(Moshi),
21-Jul-25,Banana,Other,3000,8000,5500,Pune,Pune(Moshi),
12-Jan-25,Banana,Other,1500,5000,3250,Pune,Pune(Moshi),
25-Jan-25,Banana,Other,1500,6000,3750,Pune,Pune(Moshi),
29-Mar-25,Banana,Other,2000,6000,4000,Pune,Pune(Moshi),
26-Sep-24,Banana,Other,3000,7000,5000,Pune,Pune(Moshi),
27-Jan-25,Banana,Other,1500,6000,3750,Pune,Pune(Moshi),
27-Jun-25,Banana,Other,2000,6000,4000,Pune,Pune(Moshi),
24-Jul-25,Banana,Other,2500,8000,5250,Pune,Pune(Moshi),
11-Mar-25,Banana,Other,3000,7000,5000,Pune,Pune(Moshi),
23-Sep-24,Banana,Other,3000,7000,5000,Pune,Pune(Moshi),
21-Nov-24,Banana,Other,1500,5000,3250,Pune,Pune(Moshi),
1-Jul-25,Banana,Other,1500,7000,4250,Pune,Pune(Moshi),
22-Jul-25,Banana,Other,2500,8000,5250,Pune,Pune(Moshi),
21-Jan-25,Banana,Other,2000,5000,3500,Pune,Pune(Moshi),
29-Oct-24,Banana,Other,2500,6000,4250,Pune,Pune(Moshi),
2-Jan-25,Banana,Other,1500,5000,3250,Pune,Pune(Moshi),
5-Jan-25,Banana,Other,1500,5000,3250,Pune,Pune(Moshi),
1-Feb-25,Banana,Other,2000,5000,3500,Pune,Pune(Moshi),
9-Sep-24,Banana,Other,3000,7000,5000,Pune,Pune(Moshi),
18-Jul-25,Banana,Other,3000,8000,5500,Pune,Pune(Moshi),
25-Nov-21,Banana,Other,700,2000,1350,Pune,Pune(Moshi),
1-Mar-22,Banana,Other,1000,2000,1500,Pune,Pune(Moshi),
4-Jan-22,Banana,Other,1000,2000,1500,Pune,Pune(Moshi),
9-Oct-21,Banana,Other,1000,2000,1500,Pune,Pune(Moshi),
10-Sep-21,Banana,Other,1000,2000,1500,Pune,Pune(Moshi),
12-Oct-21,Banana,Other,1000,2000,1500,Pune,Pune(Moshi),
14-Oct-21,Banana,Other,1000,2000,1500,Pune,Pune(Moshi),
16-Aug-21,Banana,Other,1000,2000,1500,Pune,Pune(Moshi),
16-Dec-21,Banana,Other,1000,2000,1500,Pune,Pune(Moshi),
20-Jan-22,Banana,Other,1000,2000,1500,Pune,Pune(Moshi),
26-Sep-21,Banana,Other,1000,2000,1500,Pune,Pune(Moshi),
24-Nov-22,Banana,Other,1000,5000,3000,Pune,Pune(Moshi),
29-Sep-22,Banana,Other,1200,7000,4100,Pune,Pune(Moshi),
8-Dec-22,Banana,Other,1500,5000,3250,Pune,Pune(Moshi),
22-Dec-24,Banana,Other,1500,5000,3750,Pune,Pune(Moshi),
22-Sep-22,Banana,Other,1500,6000,3750,Pune,Pune(Moshi),
6-Apr-25,Banana,Other,2000,7000,4500,Pune,Pune(Moshi),
16-Oct-23,Banana,Other,2000,7000,4500,Pune,Pune(Moshi),
2-Sep-23,Banana,Other,2000,9000,5500,Pune,Pune(Moshi),
14-Sep-23,Banana,Other,2000,9000,5500,Pune,Pune(Moshi),
15-Sep-23,Banana,Other,2000,9000,5500,Pune,Pune(Moshi),
17-Sep-23,Banana,Other,2000,9000,5500,Pune,Pune(Moshi),
19-Sep-23,Banana,Other,2000,9000,5500,Pune,Pune(Moshi),
21-Aug-23,Banana,Other,2000,9000,5500,Pune,Pune(Moshi),
28-Aug-23,Banana,Other,2200,9000,5600,Pune,Pune(Moshi),
21-Sep-24,Banana,Other,3000,7000,5000,Pune,Pune(Moshi),
20-Oct-24,Banana,Other,3000,8000,5500,Pune,Pune(Moshi),
20-Apr-25,Banana,Other,2000,5000,3500,Pune,Pune(Moshi),
26-Nov-24,Banana,Other,2000,5000,3500,Pune,Pune(Moshi),
8-Sep-24,Banana,Other,3000,7000,5000,Pune,Pune(Moshi),
30-Jan-25,Banana,Other,1500,6000,3750,Pune,Pune(Moshi),
30-May-25,Banana,Other,1500,6000,3750,Pune,Pune(Moshi),
3-Jun-25,Banana,Other,1500,7000,4250,Pune,Pune(Moshi),
14-Nov-24,Banana,Other,2500,6000,4250,Pune,Pune(Moshi),
13-Jul-25,Banana,Other,2000,7000,4500,Pune,Pune(Moshi),
22-Apr-24,Banana,Other,1200,1500,1350,Pune,Pune(Moshi),
14-Jun-25,Banana,Other,1500,7000,4250,Pune,Pune(Moshi),
24-Mar-25,Banana,Other,2000,6000,4000,Pune,Pune(Moshi),
29-May-25,Banana,Other,3000,7000,5000,Pune,Pune(Moshi),
27-Jul-25,Banana,Other,3000,8000,5500,Pune,Pune(Moshi),
13-Jun-25,Banana,Other,1500,7000,4250,Pune,Pune(Moshi),
17-Jun-25,Banana,Other,1500,7000,4250,Pune,Pune(Moshi),
25-Feb-25,Banana,Other,3000,7000,5000,Pune,Pune(Moshi),
5-Jun-25,Banana,Other,1500,7000,4250,Pune,Pune(Moshi),
4-Jul-25,Banana,Other,2000,8000,5000,Pune,Pune(Moshi),
14-Apr-24,Banana,Other,1500,4000,2750,Pune,Pune(Moshi),
29-Jul-25,Banana,Other,2500,8000,5250,Pune,Pune(Moshi),
31-Jul-25,Banana,Other,3000,7000,5000,Pune,Pune(Moshi),
16-Sep-21,Banana,Other,1000,1300,1150,Pune,Pune(Moshi),
26-Sep-22,Banana,Other,1500,7000,4250,Pune,Pune(Moshi),
15-Oct-23,Banana,Other,2000,7000,4500,Pune,Pune(Moshi),
3-Jul-25,Banana,Other,1500,8000,4750,Pune,Pune(Moshi),
7-Oct-24,Banana,Other,3000,7000,5000,Pune,Pune(Moshi),
4-Oct-24,Banana,Other,3000,7000,5000,Pune,Pune(Moshi),
5-Oct-24,Banana,Other,2000,7000,4500,Pune,Pune(Moshi),
5-Dec-24,Banana,Other,2000,5000,3500,Pune,Pune(Moshi),
7-Sep-24,Banana,Other,3000,7000,5000,Pune,Pune(Moshi),
19-Dec-24,Banana,Other,1500,5000,3250,Pune,Pune(Moshi),
10-Apr-25,Banana,Other,2000,6000,4000,Pune,Pune(Moshi),
23-Dec-21,Banana,Other,800,2000,1400,Pune,Pune(Moshi),
18-Feb-23,Banana,Other,1500,3000,2250,Pune,Pune(Moshi),
9-Jul-23,Banana,Other,1500,5000,3250,Pune,Pune(Moshi),
6-Jul-25,Banana,Other,1500,8000,4750,Pune,Pune(Moshi),
4-Sep-23,Banana,Other,2000,9000,5500,Pune,Pune(Moshi),
18-Sep-23,Banana,Other,2000,9000,5500,Pune,Pune(Moshi),
5-Jul-25,Banana,Other,1500,7000,4250,Pune,Pune(Moshi),
5-May-25,Banana,Other,1500,5000,3250,Pune,Pune(Moshi),
12-Dec-24,Banana,Other,1500,5000,3250,Pune,Pune(Moshi),
10-Oct-21,Banana,Other,1000,2000,1500,Pune,Pune(Moshi),
29-Jun-23,Banana,Other,1500,5000,3250,Pune,Pune(Moshi),
17-Oct-23,Banana,Other,2000,7000,4500,Pune,Pune(Moshi),
31-Oct-22,Banana,Other,2000,7000,4500,Pune,Pune(Moshi),
6-Oct-24,Banana,Other,3000,8000,5500,Pune,Pune(Moshi),
20-Jul-25,Banana,Other,2500,8000,5250,Pune,Pune(Moshi),
15-Feb-25,Banana,Other,3000,6000,4500,Pune,Pune(Moshi),
28-Jul-25,Banana,Other,3000,8000,5500,Pune,Pune(Moshi),
20-Mar-25,Banana,Other,2000,6000,4000,Pune,Pune(Moshi),
30-Dec-21,Banana,Other,300,800,550,Pune,Pune(Moshi),
11-Sep-23,Banana,Other,2000,9000,5500,Pune,Pune(Moshi),
21-Jun-25,Banana,Other,1500,5000,3250,Pune,Pune(Moshi),
19-Jun-25,Banana,Other,1500,7000,4250,Pune,Pune(Moshi),
3-Oct-24,Banana,Other,2500,7000,4750,Pune,Pune(Moshi),
16-Jun-25,Banana,Other,2000,7000,4500,Pune,Pune(Moshi),
23-Jan-25,Banana,Other,1500,5000,3250,Pune,Pune(Moshi),
3-Feb-25,Banana,Other,2000,5000,3500,Pune,Pune(Moshi),
